,Unnamed: 0,index,image_name,color,pixel_count,number_of_colors,first_color,percent_1,second_color,percent_2,third_color,percent_3,fourth_color,percent_4,fifth_color,percent_5
0,0,151,2,"[((0, 0, 0), 170012), ((137, 141, 144), 130866), ((255, 255, 255), 130011), ((255, 69, 0), 113519), ((36, 80, 164), 106547), ((255, 214, 53), 86027), ((156, 105, 38), 82587), ((0, 163, 104), 45192), ((255, 153, 170), 31786), ((81, 233, 244), 25835), ((129, 30, 159), 18352), ((126, 237, 86), 15523), ((255, 233, 148), 10265), ((80, 22, 0), 9293), ((129, 75, 94), 5358), ((8, 63, 43), 5138), ((170, 46, 0), 4967), ((40, 149, 199), 2196), ((148, 184, 69), 2032), ((255, 140, 97), 1512), ((196, 96, 165), 1130), ((255, 150, 0), 627), ((42, 10, 52), 594), ((113, 126, 69), 337), ((36, 66, 90), 165), ((167, 215, 172), 88), ((189, 46, 82), 29), ((217, 184, 228), 12)]",1000000,28.0,"(0, 0, 0)",17.0012,"(137, 141, 144)",0.130866,"(255, 255, 255)",0.130011,"(255, 69, 0)",0.113519,"(36, 80, 164)",0.106547
1,1,153,3,"[((227, 234, 241), 773158), ((0, 0, 0), 389733), ((108, 108, 108), 13496), ((130, 180, 227), 5911), ((1, 105, 219), 2736), ((255, 0, 0), 721), ((97, 0, 186), 596), ((136, 69, 93), 411), ((137, 131, 49), 304), ((161, 0, 0), 280), ((33, 71, 114), 214), ((203, 178, 0), 148), ((43, 37, 117), 90), ((0, 163, 68), 60), ((183, 102, 189), 37), ((69, 0, 0), 29), ((224, 112, 0), 20), ((0, 212, 0), 16), ((195, 36, 80), 10), ((102, 213, 161), 9), ((205, 142, 115), 6), ((155, 197, 81), 5), ((244, 131, 173), 5), ((232, 0, 162), 4), ((197, 204, 154), 1)]",1188000,25.0,"(227, 234, 241)",65.08063973063973,"(0, 0, 0)",0.3280580808080808,"(108, 108, 108)",0.0113602693602693,"(130, 180, 227)",0.0049755892255892,"(1, 105, 219)",0.0023030303030303
2,2,117,4,"[((154, 145, 46), 619738), ((124, 125, 113), 310697), ((14, 14, 14), 14839), ((70, 66, 21), 2497), ((220, 150, 0), 1818), ((88, 25, 26), 1773), ((229, 229, 229), 1322), ((170, 0, 0), 945), ((241, 216, 147), 34), ((201, 98, 97), 23), ((255, 0, 0), 14)]",953700,11.0,"(154, 145, 46)",64.98248925238545,"(124, 125, 113)",0.3257806438083254,"(14, 14, 14)",0.0155594002306805,"(70, 66, 21)",0.0026182237600922,"(220, 150, 0)",0.0019062598301352
3,3,121,5,"[((255, 255, 255), 28438520), ((204, 188, 113), 849928), ((151, 101, 54), 595188), ((89, 89, 89), 566726), ((90, 131, 178), 73607), ((192, 164, 150), 2291), ((104, 40, 42), 18), ((71, 52, 105), 8)]",30526286,8.0,"(255, 255, 255)",93.16075987756912,"(204, 188, 113)",0.0278424961359531,"(151, 101, 54)",0.0194975569579607,"(89, 89, 89)",0.0185651801860206,"(90, 131, 178)",0.0024112661461666
4,4,138,6,"[((255, 255, 255), 161419), ((106, 0, 53), 67370), ((249, 185, 0), 53909), ((51, 51, 51), 5193), ((141, 141, 141), 1098), ((253, 235, 173), 624), ((171, 102, 136), 67)]",289680,7.0,"(255, 255, 255)",55.723211819939245,"(106, 0, 53)",0.2325669704501519,"(249, 185, 0)",0.1860984534658934,"(51, 51, 51)",0.0179266777133388,"(141, 141, 141)",0.0037903893951946
5,5,134,7,"[((255, 255, 255), 693428), ((56, 168, 71), 34506), ((241, 205, 17), 24237), ((51, 51, 51), 12406), ((128, 128, 128), 6144), ((241, 71, 77), 6097), ((70, 118, 171), 5610), ((185, 115, 162), 386), ((147, 205, 150), 384), ((32, 91, 39), 356), ((123, 104, 17), 307), ((246, 224, 126), 214), ((148, 44, 47), 126), ((251, 179, 181), 119)]",784320,14.0,"(255, 255, 255)",88.41136270909833,"(56, 168, 71)",0.0439947980416156,"(241, 205, 17)",0.0309019277845777,"(51, 51, 51)",0.0158175234598123,"(128, 128, 128)",0.0078335373317013
6,6,34,8,"[((45, 45, 45), 174823), ((255, 0, 0), 13436), ((0, 176, 80), 6200), ((255, 255, 255), 6038), ((255, 192, 0), 4689), ((0, 112, 192), 2338), ((161, 161, 161), 1378), ((255, 230, 153), 471), ((215, 66, 46), 107), ((139, 139, 62), 88), ((120, 56, 56), 58), ((28, 94, 58), 31), ((45, 106, 129), 7)]",209664,13.0,"(45, 45, 45)",83.38245955433456,"(255, 0, 0)",0.0640834859584859,"(0, 176, 80)",0.0295711233211233,"(255, 255, 255)",0.0287984584859584,"(255, 192, 0)",0.0223643543956043
7,7,39,9,"[((0, 0, 0), 3005741), ((255, 255, 255), 72596), ((110, 110, 110), 32086), ((37, 94, 145), 19021), ((255, 192, 0), 10238), ((244, 177, 131), 9495), ((158, 72, 14), 9338), ((112, 173, 71), 8834), ((83, 62, 0), 1737), ((169, 127, 0), 131), ((142, 168, 125), 11), ((157, 177, 213), 2)]",3169230,12.0,"(0, 0, 0)",94.84136525275856,"(255, 255, 255)",0.0229065104142015,"(110, 110, 110)",0.0101242257583072,"(37, 94, 145)",0.0060017733014012,"(255, 192, 0)",0.0032304376772906
8,8,70,10,"[((29, 29, 29), 54727991), ((193, 193, 193), 2466764), ((113, 125, 167), 1031614), ((18, 145, 116), 447547), ((239, 135, 108), 434183), ((230, 51, 73), 249422), ((113, 181, 62), 51062), ((53, 179, 202), 43041), ((254, 227, 36), 41811), ((98, 18, 19), 21689), ((238, 163, 9), 7952), ((50, 60, 131), 7319), ((123, 135, 71), 1969), ((183, 108, 129), 1065), ((220, 249, 195), 957), ((19, 52, 0), 215), ((240, 208, 121), 192), ((61, 110, 241), 78), ((112, 84, 63), 69), ((139, 92, 0), 23), ((204, 79, 13), 13), ((18, 91, 98), 9), ((71, 10, 51), 8), ((242, 20, 139), 5), ((181, 245, 61), 1), ((255, 183, 238), 1)]",59535000,26.0,"(29, 29, 29)",91.92574284034602,"(193, 193, 193)",0.0414338456370202,"(113, 125, 167)",0.0173278575627781,"(18, 145, 116)",0.0075173763332493,"(239, 135, 108)",0.0072929033341731
9,9,69,11,"[((0, 0, 0), 479044), ((59, 0, 0), 34510), ((122, 0, 0), 11103), ((255, 0, 0), 6052), ((255, 170, 111), 1478), ((255, 114, 0), 1454), ((127, 81, 59), 1212), ((253, 255, 192), 643), ((255, 197, 0), 520), ((165, 85, 0), 387), ((252, 255, 0), 48), ((182, 157, 150), 40), ((136, 139, 71), 32), ((246, 98, 78), 28), ((255, 246, 117), 2), ((53, 57, 1), 1)]",536554,16.0,"(0, 0, 0)",89.28160073357016,"(59, 0, 0)",0.0643178505798111,"(122, 0, 0)",0.0206931641549592,"(255, 0, 0)",0.0112793866041442,"(255, 170, 111)",0.0027546155652553
10,10,61,12,"[((255, 113, 103), 286574), ((255, 255, 255), 202396), ((48, 48, 48), 2125), ((161, 161, 161), 566), ((255, 174, 168), 522), ((151, 80, 75), 1)]",492184,6.0,"(255, 113, 103)",58.224972774409565,"(255, 255, 255)",0.411220194073761,"(48, 48, 48)",0.0043174910196186,"(161, 161, 161)",0.0011499764315784,"(255, 174, 168)",0.0010605789704663
11,11,62,13,"[((255, 255, 255), 510599), ((106, 150, 113), 372243), ((0, 0, 0), 57779), ((86, 120, 154), 39308), ((37, 66, 32), 2540), ((166, 131, 127), 428), ((187, 185, 245), 27), ((186, 243, 196), 11)]",982935,8.0,"(255, 255, 255)",51.94636471384171,"(106, 150, 113)",0.3787056112560851,"(0, 0, 0)",0.0587821168235946,"(86, 120, 154)",0.0399904368040613,"(37, 66, 32)",0.0025840976259874
12,12,46,14,"[((229, 229, 229), 318282), ((0, 134, 255), 61136), ((194, 134, 0), 5856), ((23, 0, 134), 5463), ((14, 14, 14), 4736), ((141, 141, 141), 3425), ((144, 0, 135), 1695), ((94, 160, 218), 1569), ((77, 85, 235), 657), ((255, 201, 255), 645), ((220, 107, 130), 507), ((72, 56, 137), 501), ((0, 208, 222), 423), ((193, 0, 44), 295), ((202, 184, 103), 251), ((113, 56, 75), 123), ((247, 0, 3), 40), ((124, 88, 49), 30), ((203, 117, 197), 12), ((226, 146, 108), 3), ((43, 0, 48), 2), ((202, 248, 193), 1)]",405652,22.0,"(229, 229, 229)",78.46183428160097,"(0, 134, 255)",0.1507104611834774,"(194, 134, 0)",0.014436019050812,"(23, 0, 134)",0.01346720834607,"(14, 14, 14)",0.0116750318006567
13,13,49,15,"[((235, 230, 224), 3713117), ((35, 34, 172), 1882737), ((196, 45, 28), 1737360), ((140, 49, 145), 179173), ((73, 72, 130), 57453), ((70, 1, 29), 45265), ((124, 124, 114), 15743), ((145, 62, 48), 11717), ((0, 0, 72), 1127), ((155, 149, 195), 883), ((50, 48, 36), 757), ((202, 72, 116), 660), ((230, 148, 136), 21), ((109, 106, 219), 13), ((5, 9, 38), 2)]",7646028,15.0,"(235, 230, 224)",48.56269163544784,"(35, 34, 172)",0.2462372620136886,"(196, 45, 28)",0.2272238605456323,"(140, 49, 145)",0.0234334742169398,"(73, 72, 130)",0.0075140975157297
14,14,56,16,"[((255, 255, 255), 485164), ((255, 235, 165), 47905), ((255, 158, 142), 19340), ((95, 102, 91), 14462), ((0, 0, 0), 10256), ((152, 175, 194), 246), ((255, 173, 83), 1)]",577374,7.0,"(255, 255, 255)",84.0294159418332,"(255, 235, 165)",0.0829704836033489,"(255, 158, 142)",0.0334964858133549,"(95, 102, 91)",0.0250478892364394,"(0, 0, 0)",0.0177631829628628
15,15,55,17,"[((231, 233, 235), 7142343), ((11, 175, 86), 682666), ((139, 140, 145), 422767), ((0, 0, 0), 270726), ((214, 50, 66), 133867), ((62, 0, 0), 93941), ((137, 189, 150), 88278), ((0, 94, 26), 49130), ((144, 79, 80), 6386), ((54, 81, 59), 1489), ((233, 162, 166), 8)]",8891601,11.0,"(231, 233, 235)",80.32685002397206,"(11, 175, 86)",0.076776499530287,"(139, 140, 145)",0.0475467803829704,"(0, 0, 0)",0.0304473851222069,"(214, 50, 66)",0.0150554438958743
16,16,104,18,"[((224, 221, 208), 808908), ((219, 0, 45), 29668), ((43, 139, 86), 12992), ((173, 163, 91), 12792), ((62, 62, 150), 11360), ((109, 155, 211), 10531), ((133, 133, 131), 9546), ((255, 225, 0), 8122), ((0, 0, 0), 7943), ((122, 14, 41), 2723), ((223, 152, 148), 2175), ((0, 152, 36), 1762), ((242, 117, 65), 1456), ((31, 0, 161), 426), ((255, 157, 0), 280), ((63, 44, 5), 188), ((34, 171, 187), 98), ((131, 49, 108), 77), ((0, 94, 89), 30), ((251, 254, 150), 19), ((162, 221, 165), 16), ((0, 140, 255), 12), ((173, 228, 5), 11), ((0, 56, 0), 9), ((62, 59, 89), 9), ((237, 93, 122), 8), ((150, 90, 0), 4), ((0, 210, 29), 2)]",921167,28.0,"(224, 221, 208)",87.81339322837228,"(219, 0, 45)",0.032206972242818,"(43, 139, 86)",0.0141038487049579,"(173, 163, 91)",0.0138867328074062,"(62, 62, 150)",0.0123321829809361
17,17,109,19,"[((255, 255, 255), 5322203), ((153, 153, 153), 99234), ((51, 51, 51), 19986), ((22, 111, 21), 1655), ((230, 13, 21), 943), ((92, 33, 27), 879), ((153, 23, 23), 80), ((59, 103, 70), 17), ((173, 218, 177), 3)]",5445000,9.0,"(255, 255, 255)",97.74477502295684,"(153, 153, 153)",0.0182247933884297,"(51, 51, 51)",0.0036705234159779,"(22, 111, 21)",0.0003039485766758,"(230, 13, 21)",0.00017318640955
18,18,80,20,"[((254, 254, 254), 877333), ((63, 151, 255), 65325), ((255, 226, 0), 40632), ((152, 152, 152), 30293), ((131, 0, 234), 26176), ((239, 206, 154), 5644), ((55, 55, 55), 4469), ((255, 0, 0), 3500), ((0, 163, 83), 2655), ((218, 188, 255), 2444), ((229, 101, 255), 2217), ((128, 253, 255), 2164), ((57, 103, 154), 1462), ((241, 0, 88), 983), ((80, 20, 149), 894), ((255, 133, 0), 763), ((255, 149, 156), 644), ((105, 58, 102), 608), ((0, 177, 153), 369), ((246, 186, 71), 212), ((215, 0, 148), 181), ((205, 255, 193), 176), ((148, 107, 200), 137), ((0, 181, 240), 79), ((158, 68, 75), 56), ((166, 182, 75), 40), ((133, 94, 49), 34), ((222, 85, 63), 29), ((91, 121, 64), 6)]",1069525,29.0,"(254, 254, 254)",82.03015357284777,"(63, 151, 255)",0.0610785161637175,"(255, 226, 0)",0.0379906968046562,"(152, 152, 152)",0.0283237885977419,"(131, 0, 234)",0.0244744162128047
19,19,79,21,"[((172, 189, 134), 869467), ((255, 255, 255), 660860), ((123, 174, 217), 341799), ((0, 0, 0), 173731), ((86, 94, 67), 25921), ((255, 22, 22), 1032), ((53, 83, 116), 395), ((221, 89, 67), 255), ((211, 211, 92), 83), ((181, 122, 93), 56), ((27, 41, 127), 1)]",2073600,11.0,"(172, 189, 134)",41.93031442901234,"(255, 255, 255)",0.318701774691358,"(123, 174, 217)",0.1648336226851851,"(0, 0, 0)",0.0837823109567901,"(86, 94, 67)",0.0125004822530864
20,20,87,22,"[((253, 253, 253), 99405), ((220, 246, 157), 97968), ((18, 182, 121), 68867), ((255, 137, 101), 35103), ((0, 0, 0), 24649), ((136, 129, 89), 8578), ((255, 195, 121), 5733), ((0, 44, 0), 1074), ((139, 76, 60), 559), ((236, 8, 0), 464), ((175, 145, 160), 199), ((143, 202, 184), 187), ((75, 75, 78), 59), ((182, 36, 49), 29), ((40, 112, 28), 26), ((44, 18, 64), 4), ((0, 129, 140), 1), ((140, 95, 5), 1)]",342906,18.0,"(253, 253, 253)",28.98899406834526,"(220, 246, 157)",0.2856992878514812,"(18, 182, 121)",0.2008334645646328,"(255, 137, 101)",0.1023691623943588,"(0, 0, 0)",0.0718826733857092
21,21,90,23,"[((255, 255, 255), 4452680), ((0, 0, 0), 162223), ((98, 172, 123), 150331), ((26, 68, 32), 61639), ((165, 165, 165), 57070), ((83, 84, 86), 366)]",4884309,6.0,"(255, 255, 255)",91.1629464884388,"(0, 0, 0)",0.0332130911455438,"(98, 172, 123)",0.0307783557510386,"(26, 68, 32)",0.0126197994434832,"(165, 165, 165)",0.0116843549415075
22,22,106,24,"[((232, 235, 247), 3362967), ((238, 116, 63), 340766), ((38, 73, 70), 216977), ((226, 202, 131), 204777), ((2, 8, 135), 120974), ((117, 120, 169), 90774), ((133, 153, 151), 226), ((69, 74, 167), 213)]",4337674,8.0,"(232, 235, 247)",77.52927029555472,"(238, 116, 63)",0.0785596151301365,"(38, 73, 70)",0.0500215092236069,"(226, 202, 131)",0.0472089419352399,"(2, 8, 135)",0.0278891405854842
23,23,107,25,"[((255, 255, 255), 496399), ((222, 48, 101), 63592), ((161, 161, 161), 14841), ((32, 40, 189), 12493), ((255, 0, 0), 7191), ((4, 35, 120), 5812), ((255, 188, 213), 4499), ((0, 169, 44), 4407), ((116, 110, 164), 3885), ((0, 0, 0), 3485), ((83, 47, 0), 1573), ((0, 123, 120), 1464), ((255, 208, 124), 1210), ((153, 64, 152), 838), ((255, 217, 0), 652), ((0, 149, 89), 504), ((170, 231, 182), 249), ((186, 107, 93), 127), ((240, 112, 0), 117), ((79, 78, 80), 108), ((145, 115, 0), 94), ((179, 203, 255), 67), ((169, 0, 0), 64), ((69, 1, 56), 29), ((119, 0, 38), 7), ((77, 98, 44), 3), ((140, 168, 62), 1), ((114, 129, 240), 1)]",623712,28.0,"(255, 255, 255)",79.5878546508645,"(222, 48, 101)",0.1019573136319326,"(161, 161, 161)",0.0237946359858396,"(32, 40, 189)",0.0200300779847108,"(255, 0, 0)",0.0115293597044789
24,24,98,26,"[((0, 0, 0), 760113), ((106, 62, 33), 172492), ((207, 171, 135), 68376), ((121, 116, 113), 448), ((240, 236, 237), 3)]",1001432,5.0,"(0, 0, 0)",75.90260746610853,"(106, 62, 33)",0.1722453446664376,"(207, 171, 135)",0.068278225580968,"(121, 116, 113)",0.0004473593813658,"(240, 236, 237)",2.9957101430751166e-06
25,25,95,27,"[((255, 255, 255), 310595), ((113, 184, 222), 64630), ((3, 48, 121), 7994), ((0, 0, 0), 7316), ((117, 117, 117), 2464), ((29, 99, 143), 1)]",393000,6.0,"(255, 255, 255)",79.03180661577608,"(113, 184, 222)",0.1644529262086514,"(3, 48, 121)",0.0203409669211195,"(0, 0, 0)",0.0186157760814249,"(117, 117, 117)",0.0062697201017811
26,26,47,28,"[((255, 255, 255), 418908), ((255, 123, 0), 224552), ((255, 227, 44), 196272), ((103, 41, 0), 64168), ((0, 0, 0), 17660), ((186, 61, 131), 14126), ((139, 139, 139), 13177), ((255, 87, 67), 12096), ((221, 162, 130), 7295), ((198, 138, 0), 5333), ((69, 15, 44), 3658), ((253, 255, 152), 1897), ((108, 24, 133), 540), ((113, 100, 37), 258), ((135, 97, 146), 62), ((160, 212, 171), 57), ((195, 194, 245), 32), ((186, 75, 81), 13)]",980104,18.0,"(255, 255, 255)",42.74117848718095,"(255, 123, 0)",0.2291103801229257,"(255, 227, 44)",0.2002562993314995,"(103, 41, 0)",0.0654706031196689,"(0, 0, 0)",0.0180184959963432
27,27,48,29,"[((237, 235, 208), 18708699), ((215, 88, 50), 711375), ((57, 62, 65), 467495), ((226, 180, 106), 305484), ((160, 96, 78), 82684), ((142, 143, 132), 67720), ((224, 135, 6), 8296), ((109, 1, 0), 3844), ((188, 204, 238), 172), ((102, 25, 55), 38), ((68, 41, 2), 27), ((81, 120, 166), 6)]",20355840,12.0,"(237, 235, 208)",91.9082631814752,"(215, 88, 50)",0.0349469734484059,"(57, 62, 65)",0.0229661364994026,"(226, 180, 106)",0.0150071920392378,"(160, 96, 78)",0.0040619301389674
28,28,105,30,"[((249, 204, 160), 441775), ((255, 255, 255), 388124), ((209, 178, 232), 15360), ((78, 121, 167), 5706), ((242, 142, 44), 4299), ((237, 201, 73), 4203), ((0, 0, 0), 1927), ((255, 157, 167), 1177), ((127, 104, 82), 826), ((89, 161, 79), 594), ((118, 183, 178), 9)]",864000,11.0,"(249, 204, 160)",51.13136574074074,"(255, 255, 255)",0.4492175925925926,"(209, 178, 232)",0.0177777777777777,"(78, 121, 167)",0.0066041666666666,"(242, 142, 44)",0.0049756944444444
29,29,108,31,"[((152, 167, 189), 2806747), ((255, 255, 255), 2116002), ((24, 59, 107), 96625), ((0, 0, 0), 14485), ((77, 77, 77), 45)]",5033904,5.0,"(152, 167, 189)",55.75686385755469,"(255, 255, 255)",0.420350090108989,"(24, 59, 107)",0.0191948436044866,"(0, 0, 0)",0.0028774883271512,"(77, 77, 77)",8.939383826151631e-06
30,30,97,32,"[((255, 255, 255), 573897), ((118, 196, 199), 36070), ((207, 130, 187), 27285), ((255, 213, 59), 21116), ((255, 71, 91), 10966), ((74, 86, 117), 10177), ((254, 165, 96), 9182), ((119, 196, 59), 8594), ((106, 56, 235), 8454), ((48, 155, 234), 8297), ((0, 234, 172), 5042), ((255, 52, 210), 2751), ((0, 237, 58), 2651), ((226, 163, 150), 913), ((107, 87, 204), 183), ((255, 234, 165), 177), ((185, 249, 191), 3), ((181, 180, 216), 2)]",725760,18.0,"(255, 255, 255)",79.07531415343915,"(118, 196, 199)",0.0496996252204585,"(207, 130, 187)",0.0375950727513227,"(255, 213, 59)",0.0290950176366843,"(255, 71, 91)",0.0151096781305114
31,31,96,33,"[((13, 13, 13), 502925), ((196, 196, 196), 4262), ((89, 89, 89), 2345), ((48, 0, 44), 591), ((66, 0, 0), 564), ((217, 105, 29), 540), ((151, 95, 68), 437), ((68, 73, 128), 329), ((224, 117, 223), 318), ((255, 81, 255), 303), ((0, 44, 0), 259), ((31, 125, 75), 191), ((255, 114, 110), 121), ((216, 133, 153), 30), ((23, 17, 117), 10), ((103, 97, 207), 8), ((138, 25, 115), 6), ((139, 21, 0), 1)]",513240,18.0,"(13, 13, 13)",97.99021900085732,"(196, 196, 196)",0.0083041072402774,"(89, 89, 89)",0.0045690125477359,"(48, 0, 44)",0.0011515080664016,"(66, 0, 0)",0.001098901098901
32,32,81,34,"[((255, 255, 255), 248209)]",248209,1.0,"(255, 255, 255)",100.0,0,0.0,0,0.0,0,0.0,0,0.0
33,33,78,35,"[((255, 255, 255), 214117), ((56, 128, 185), 28680), ((253, 109, 132), 26646), ((19, 20, 47), 3538), ((151, 152, 164), 613), ((255, 184, 194), 21)]",273615,6.0,"(255, 255, 255)",78.25484713922847,"(56, 128, 185)",0.1048188147579628,"(253, 109, 132)",0.0973850117866345,"(19, 20, 47)",0.0129305776364599,"(151, 152, 164)",0.0022403742484878
34,34,88,36,"[((250, 250, 250), 1035585), ((254, 150, 141), 43347), ((0, 0, 0), 34762), ((116, 107, 108), 28928), ((0, 162, 255), 21788), ((143, 68, 169), 896), ((141, 211, 255), 453), ((221, 66, 110), 437), ((201, 114, 169), 89), ((242, 155, 76), 80), ((250, 220, 100), 14), ((253, 94, 73), 9), ((54, 108, 155), 6), ((77, 34, 18), 4), ((240, 202, 253), 1), ((171, 171, 121), 1)]",1166400,16.0,"(250, 250, 250)",88.78472222222223,"(254, 150, 141)",0.0371630658436214,"(0, 0, 0)",0.0298028120713305,"(116, 107, 108)",0.0248010973936899,"(0, 162, 255)",0.0186796982167352
35,35,89,37,"[((255, 255, 255), 16008643), ((25, 107, 194), 2034952), ((0, 0, 0), 686821), ((255, 217, 25), 498200), ((77, 77, 77), 202572), ((163, 163, 163), 7499), ((119, 101, 12), 1297), ((12, 53, 97), 16)]",19440000,8.0,"(255, 255, 255)",82.34898662551441,"(25, 107, 194)",0.1046786008230452,"(0, 0, 0)",0.0353302983539094,"(255, 217, 25)",0.0256275720164609,"(77, 77, 77)",0.0104203703703703
36,36,71,38,"[((255, 255, 255), 3170522), ((178, 240, 178), 91874), ((0, 0, 0), 33555), ((11, 93, 101), 19642), ((125, 62, 7), 12300), ((111, 58, 95), 6722), ((22, 78, 22), 5240), ((23, 190, 207), 4788), ((201, 161, 189), 3737), ((255, 127, 14), 3647), ((227, 119, 194), 2330), ((31, 119, 180), 2271), ((188, 189, 34), 1206), ((44, 160, 44), 1206), ((139, 118, 99), 954), ((115, 117, 20), 6)]",3360000,16.0,"(255, 255, 255)",94.3607738095238,"(178, 240, 178)",0.0273434523809523,"(0, 0, 0)",0.0099866071428571,"(11, 93, 101)",0.0058458333333333,"(125, 62, 7)",0.0036607142857142
37,37,68,39,"[((67, 67, 67), 3660139), ((73, 193, 108), 202404), ((245, 193, 3), 158889), ((255, 255, 255), 127060), ((128, 110, 45), 104958), ((69, 120, 84), 21908), ((161, 161, 161), 4171), ((248, 229, 162), 811), ((159, 193, 55), 314), ((163, 217, 179), 107)]",4280761,10.0,"(67, 67, 67)",85.50206376856825,"(73, 193, 108)",0.0472822472452912,"(245, 193, 3)",0.0371169985897367,"(255, 255, 255)",0.0296816383815868,"(128, 110, 45)",0.024518537708599
38,38,139,40,"[((255, 255, 255), 3437448), ((255, 169, 172), 140583), ((124, 179, 218), 31338), ((0, 0, 0), 12724), ((254, 152, 78), 8488), ((243, 210, 156), 5382), ((125, 125, 125), 3590), ((95, 54, 50), 344), ((168, 218, 180), 102), ((171, 117, 79), 1)]",3640000,10.0,"(255, 255, 255)",94.4353846153846,"(255, 169, 172)",0.0386217032967032,"(124, 179, 218)",0.0086093406593406,"(0, 0, 0)",0.0034956043956043,"(254, 152, 78)",0.0023318681318681
39,39,132,41,"[((255, 255, 255), 29786715), ((118, 0, 2), 2876141), ((0, 0, 0), 1206734), ((0, 0, 120), 605835), ((130, 130, 130), 84506), ((0, 0, 51), 69)]",34560000,6.0,"(255, 255, 255)",86.18841145833333,"(118, 0, 2)",0.0832216724537037,"(0, 0, 0)",0.0349170717592592,"(0, 0, 120)",0.0175299479166666,"(130, 130, 130)",0.0024451967592592
40,40,119,42,"[((255, 255, 255), 376668), ((164, 164, 164), 25802), ((0, 200, 144), 9616), ((242, 170, 204), 4614), ((80, 80, 80), 2570), ((0, 180, 224), 1775), ((255, 0, 120), 1633), ((222, 166, 106), 1545), ((255, 120, 209), 1076), ((180, 134, 218), 761), ((111, 0, 183), 618), ((156, 230, 204), 82), ((3, 3, 3), 69), ((247, 0, 203), 32), ((178, 60, 109), 10), ((0, 145, 236), 6), ((68, 139, 113), 5), ((228, 124, 17), 5), ((102, 31, 129), 3), ((0, 129, 40), 2)]",426892,20.0,"(255, 255, 255)",88.23496340994912,"(164, 164, 164)",0.0604415168239273,"(0, 200, 144)",0.0225256036655641,"(242, 170, 204)",0.0108083543378653,"(80, 80, 80)",0.0060202580512167
41,41,120,43,"[((16, 16, 16), 592244), ((145, 127, 91), 52731), ((0, 98, 0), 48404), ((84, 34, 23), 44026), ((161, 0, 0), 31181), ((0, 158, 0), 20477), ((255, 0, 0), 16667), ((38, 65, 29), 9181), ((249, 255, 0), 7161), ((0, 255, 0), 5664), ((255, 143, 0), 4661), ((112, 110, 0), 4396), ((255, 202, 0), 1054), ((136, 71, 0), 631), ((142, 226, 0), 287), ((169, 180, 0), 31)]",838796,16.0,"(16, 16, 16)",70.60644066018436,"(145, 127, 91)",0.0628651066528691,"(0, 98, 0)",0.0577065222056376,"(84, 34, 23)",0.0524871363239691,"(161, 0, 0)",0.0371735201407732
42,42,150,44,"[((255, 255, 255), 18247039), ((65, 182, 196), 2929454), ((215, 48, 31), 2255079), ((34, 94, 168), 1774521), ((0, 0, 0), 1635640), ((252, 141, 89), 693819), ((183, 214, 165), 403614), ((106, 106, 106), 44188), ((253, 195, 168), 646)]",27984000,9.0,"(255, 255, 255)",65.20525657518583,"(65, 182, 196)",0.1046831761006289,"(215, 48, 31)",0.0805845840480274,"(34, 94, 168)",0.0634119854202401,"(0, 0, 0)",0.0584491137793024
43,43,155,45,"[((0, 0, 0), 379460), ((0, 147, 245), 9350), ((255, 255, 255), 6909), ((96, 96, 96), 4996), ((151, 0, 0), 1088), ((19, 27, 88), 900), ((199, 164, 155), 341), ((152, 207, 252), 90), ((196, 94, 96), 46), ((81, 0, 0), 20)]",403200,10.0,"(0, 0, 0)",94.11210317460318,"(0, 147, 245)",0.0231894841269841,"(255, 255, 255)",0.0171354166666666,"(96, 96, 96)",0.012390873015873,"(151, 0, 0)",0.0026984126984126
44,44,167,46,"[((255, 255, 255), 551266), ((221, 157, 155), 9443), ((217, 201, 86), 7174), ((0, 0, 0), 4239), ((81, 81, 81), 1318), ((192, 185, 137), 157), ((106, 98, 43), 6)]",573603,7.0,"(255, 255, 255)",96.10584324001094,"(221, 157, 155)",0.016462605669775,"(217, 201, 86)",0.0125069080879981,"(0, 0, 0)",0.0073901287127159,"(81, 81, 81)",0.0022977564622221
45,45,166,47,"[((255, 255, 255), 1081183), ((0, 0, 0), 17756), ((0, 102, 182), 3448), ((0, 0, 128), 2942), ((144, 58, 0), 2620), ((128, 128, 128), 1910), ((255, 255, 182), 1705), ((255, 182, 102), 1636), ((0, 0, 58), 754), ((144, 219, 255), 701), ((102, 0, 102), 97), ((144, 219, 182), 29), ((58, 58, 0), 29), ((144, 144, 58), 11)]",1114821,14.0,"(255, 255, 255)",96.98265461450762,"(0, 0, 0)",0.0159272206031282,"(0, 102, 182)",0.0030928732056536,"(0, 0, 128)",0.002638988680694,"(144, 58, 0)",0.0023501530739015
46,46,12,48,"[((231, 231, 231), 5570888), ((79, 129, 189), 315024), ((143, 143, 143), 42250), ((0, 0, 0), 20595), ((158, 99, 22), 2115), ((80, 58, 127), 696), ((212, 171, 126), 409), ((112, 32, 68), 216), ((82, 60, 34), 121), ((49, 73, 92), 5), ((106, 19, 5), 1)]",5952320,11.0,"(231, 231, 231)",93.59187678081824,"(79, 129, 189)",0.0529245739476372,"(143, 143, 143)",0.0070980726842642,"(0, 0, 0)",0.0034599954303532,"(158, 99, 22)",0.000355323638514
47,47,13,49,"[((229, 229, 229), 3036206), ((20, 20, 20), 63460), ((34, 107, 170), 59972), ((37, 162, 78), 19007), ((122, 43, 157), 17843), ((118, 118, 118), 12892), ((162, 113, 184), 2617), ((135, 196, 155), 792), ((37, 82, 52), 173), ((74, 40, 89), 94)]",3213056,10.0,"(229, 229, 229)",94.49589425145408,"(20, 20, 20)",0.0197506672775077,"(34, 107, 170)",0.0186650964066608,"(37, 162, 78)",0.0059155520476456,"(122, 43, 157)",0.0055532801171221
48,48,152,50,"[((255, 255, 255), 595346), ((0, 0, 0), 38005), ((127, 127, 127), 15656), ((255, 108, 51), 10060), ((153, 65, 31), 7330), ((51, 255, 215), 3344), ((44, 36, 75), 2634), ((95, 51, 255), 2496), ((255, 51, 127), 2390), ((32, 161, 136), 2357), ((51, 255, 102), 2002), ((85, 48, 34), 1986), ((36, 71, 45), 1949), ((54, 33, 130), 1558), ((33, 169, 67), 1339), ((51, 177, 255), 978), ((157, 31, 78), 931), ((213, 51, 255), 359), ((255, 221, 51), 301), ((176, 255, 51), 299), ((146, 161, 32), 272), ((51, 234, 255), 220), ((150, 31, 141), 153), ((51, 121, 255), 144), ((97, 82, 0), 73), ((254, 157, 6), 23), ((32, 102, 146), 18), ((4, 91, 2), 14), ((244, 17, 197), 9), ((209, 0, 45), 4)]",692250,30.0,"(255, 255, 255)",86.00158902130734,"(0, 0, 0)",0.0549006861682918,"(127, 127, 127)",0.022616106897797,"(255, 108, 51)",0.0145323221379559,"(153, 65, 31)",0.0105886601661249
49,49,154,51,"[((255, 255, 255), 2557678), ((23, 55, 94), 161214), ((79, 98, 40), 33669), ((146, 146, 146), 24000), ((0, 176, 240), 23897), ((0, 176, 80), 19398), ((219, 132, 61), 13435), ((0, 0, 0), 10695), ((200, 8, 200), 8280), ((255, 0, 0), 5341), ((237, 193, 158), 2729), ((136, 86, 57), 2378), ((115, 21, 109), 1631), ((128, 215, 167), 528), ((227, 131, 227), 445), ((98, 0, 0), 377), ((0, 0, 99), 376), ((255, 128, 128), 289), ((104, 45, 68), 35), ((148, 128, 184), 22), ((27, 72, 65), 2)]",2866419,21.0,"(255, 255, 255)",89.22903455496213,"(23, 55, 94)",0.0562423009336736,"(79, 98, 40)",0.0117460148010461,"(146, 146, 146)",0.008372816395649,"(0, 176, 240)",0.0083368830586177
50,50,168,52,"[((231, 227, 231), 581948), ((140, 142, 140), 79478), ((49, 48, 49), 35123)]",696549,3.0,"(231, 227, 231)",83.54731684346687,"(140, 142, 140)",0.1141025254504708,"(49, 48, 49)",0.0504243061148605,0,0.0,0,0.0
51,51,165,53,"[((255, 255, 255), 2949839), ((148, 148, 148), 757243), ((10, 10, 10), 611118)]",4318200,3.0,"(255, 255, 255)",68.3117734241119,"(148, 148, 148)",0.1753607984808485,"(10, 10, 10)",0.1415214672780325,0,0.0,0,0.0
52,52,137,54,"[((255, 255, 255), 1386267), ((0, 0, 0), 27268), ((255, 237, 111), 9414), ((128, 177, 211), 6334), ((79, 91, 89), 3568), ((251, 128, 114), 2502), ((253, 180, 98), 2394), ((188, 128, 189), 1400), ((200, 193, 149), 853)]",1440000,9.0,"(255, 255, 255)",96.26854166666666,"(0, 0, 0)",0.0189361111111111,"(255, 237, 111)",0.0065375,"(128, 177, 211)",0.0043986111111111,"(79, 91, 89)",0.0024777777777777
53,53,133,55,"[((255, 255, 255), 3365440), ((107, 170, 255), 680550), ((146, 146, 146), 97086), ((0, 0, 0), 47672), ((213, 0, 0), 18805), ((225, 82, 88), 11838), ((228, 145, 156), 2597), ((52, 67, 93), 398), ((106, 21, 76), 160), ((255, 255, 190), 150), ((223, 156, 79), 146), ((108, 72, 52), 49), ((70, 25, 117), 41), ((21, 85, 162), 4)]",4224936,14.0,"(255, 255, 255)",79.65659124777275,"(107, 170, 255)",0.1610793630956776,"(146, 146, 146)",0.0229792829997898,"(0, 0, 0)",0.0112834845308899,"(213, 0, 0)",0.0044509549967147
54,54,118,56,"[((229, 229, 229), 4194604), ((40, 56, 75), 59431), ((129, 138, 149), 3725)]",4257760,3.0,"(229, 229, 229)",98.51668482958176,"(40, 56, 75)",0.0139582785314343,"(129, 138, 149)",0.0008748731727481,0,0.0,0,0.0
55,55,122,57,"[((255, 255, 255), 3996742), ((179, 100, 100), 396164), ((130, 0, 0), 270690), ((113, 113, 113), 13859), ((119, 176, 229), 1146), ((247, 197, 145), 894), ((93, 90, 145), 70)]",4679565,7.0,"(255, 255, 255)",85.40840868755963,"(179, 100, 100)",0.0846582962305257,"(130, 0, 0)",0.0578451202195075,"(113, 113, 113)",0.0029616000632537,"(119, 176, 229)",0.0002448945575069
56,56,27,58,"[((255, 255, 255), 1799990), ((9, 153, 153), 73515), ((254, 0, 0), 68372), ((159, 238, 0), 62715), ((165, 168, 157), 20280), ((228, 118, 121), 11081), ((129, 78, 78), 9985), ((255, 243, 169), 4882), ((32, 27, 27), 3871), ((96, 82, 133), 1913), ((247, 235, 91), 810), ((211, 107, 0), 729), ((76, 180, 104), 600), ((209, 41, 48), 237), ((182, 167, 216), 167), ((89, 80, 28), 36), ((4, 13, 61), 10), ((254, 178, 112), 7), ((194, 151, 1), 2), ((112, 9, 4), 2)]",2059204,20.0,"(255, 255, 255)",87.4119319892541,"(9, 153, 153)",0.0357006882271013,"(254, 0, 0)",0.0332031212060582,"(159, 238, 0)",0.0304559431702735,"(165, 168, 157)",0.009848465717821
57,57,22,59,"[((4, 7, 16), 1260431), ((49, 63, 27), 272515), ((51, 80, 110), 214943), ((254, 254, 254), 114171), ((141, 122, 56), 78316), ((225, 86, 89), 77070), ((249, 238, 176), 18620), ((142, 169, 196), 16763), ((82, 26, 35), 14486), ((155, 105, 132), 3056), ((207, 112, 44), 2451), ((228, 163, 133), 757), ((81, 136, 53), 13), ((241, 189, 88), 7), ((107, 140, 113), 1)]",2073600,15.0,"(4, 7, 16)",60.78467399691358,"(49, 63, 27)",0.131421199845679,"(51, 80, 110)",0.1036569251543209,"(254, 254, 254)",0.0550593171296296,"(141, 122, 56)",0.0377681327160493
58,58,10,60,"[((0, 0, 0), 1064247), ((61, 0, 0), 4613), ((123, 0, 0), 478), ((76, 76, 76), 283), ((255, 220, 229), 84), ((159, 89, 103), 74), ((116, 71, 30), 54), ((204, 0, 0), 27), ((166, 145, 121), 26), ((229, 115, 79), 23), ((182, 131, 41), 6), ((255, 220, 140), 5)]",1069920,12.0,"(0, 0, 0)",99.46977344100492,"(61, 0, 0)",0.0043115373112008,"(123, 0, 0)",0.0004467623747569,"(76, 76, 76)",0.0002645057574398,"(255, 220, 229)",7.851054284432481e-05
59,59,15,61,"[((207, 211, 212), 1451281), ((255, 178, 136), 168792), ((0, 175, 229), 168208), ((250, 117, 47), 163130), ((92, 71, 61), 37158), ((163, 93, 58), 5868), ((96, 130, 140), 683)]",1995120,7.0,"(207, 211, 212)",72.74153935602871,"(255, 178, 136)",0.0846024299290268,"(0, 175, 229)",0.0843097157063234,"(250, 117, 47)",0.0817645053931593,"(92, 71, 61)",0.0186244436424876
60,60,4,62,"[((255, 255, 255), 6368210), ((29, 169, 230), 1174306), ((231, 72, 13), 709834), ((0, 0, 0), 153393), ((137, 137, 137), 9020), ((237, 149, 138), 223), ((124, 34, 0), 14)]",8415000,7.0,"(255, 255, 255)",75.67688651218063,"(29, 169, 230)",0.1395491384432561,"(231, 72, 13)",0.0843534165181224,"(0, 0, 0)",0.0182285204991087,"(137, 137, 137)",0.0010718954248366
61,61,3,63,"[((250, 251, 255), 1367258), ((49, 58, 83), 51980), ((24, 84, 255), 6377), ((239, 68, 68), 5568), ((128, 160, 255), 3866), ((150, 155, 169), 2128), ((253, 230, 138), 1722), ((94, 234, 212), 983), ((235, 139, 109), 70), ((239, 133, 6), 31), ((137, 18, 27), 15), ((245, 193, 37), 2)]",1440000,12.0,"(250, 251, 255)",94.94847222222222,"(49, 58, 83)",0.0360972222222222,"(24, 84, 255)",0.0044284722222222,"(239, 68, 68)",0.0038666666666666,"(128, 160, 255)",0.0026847222222222
62,62,26,64,"[((255, 255, 255), 884956), ((14, 161, 203), 97678), ((24, 24, 24), 57554), ((136, 136, 136), 11720)]",1051908,4.0,"(255, 255, 255)",84.1286500340334,"(14, 161, 203)",0.0928579305414541,"(24, 24, 24)",0.054713910341969,"(136, 136, 136)",0.0111416587762427,0,0.0
63,63,23,65,"[((198, 198, 198), 1142538), ((112, 112, 112), 15178), ((38, 38, 38), 44)]",1157760,3.0,"(198, 198, 198)",98.68521973466004,"(112, 112, 112)",0.0131097982310668,"(38, 38, 38)",3.800442233278054e-05,0,0.0,0,0.0
64,64,36,66,"[((0, 0, 0), 470410), ((0, 85, 139), 93784), ((3, 14, 58), 20510), ((170, 179, 101), 11506), ((252, 0, 0), 10609), ((0, 127, 142), 10392), ((206, 110, 0), 9485), ((0, 203, 173), 4275), ((15, 46, 6), 1403), ((148, 145, 126), 720), ((125, 215, 106), 682), ((198, 137, 88), 210), ((29, 0, 96), 195), ((102, 72, 88), 85), ((255, 83, 84), 79), ((162, 60, 57), 21), ((57, 131, 78), 19), ((181, 165, 0), 17), ((90, 96, 10), 1)]",634403,19.0,"(0, 0, 0)",74.15002766380361,"(0, 85, 139)",0.147830322366067,"(3, 14, 58)",0.0323296075207715,"(170, 179, 101)",0.0181367364277911,"(252, 0, 0)",0.0167228086878529
65,65,37,67,"[((35, 30, 71), 419480), ((211, 11, 11), 260258), ((247, 142, 35), 24522), ((255, 197, 0), 19809), ((64, 180, 0), 17178), ((207, 226, 243), 14232), ((70, 189, 198), 11552), ((32, 52, 173), 11335), ((125, 0, 255), 3908), ((128, 126, 144), 2039), ((132, 17, 40), 1255), ((109, 108, 17), 473), ((86, 55, 26), 226), ((234, 100, 107), 131), ((163, 68, 7), 61), ((32, 53, 54), 21)]",786480,16.0,"(35, 30, 71)",53.33638490489269,"(211, 11, 11)",0.330914962872546,"(247, 142, 35)",0.0311794324076899,"(255, 197, 0)",0.0251869087580103,"(64, 180, 0)",0.0218416234360695
66,66,136,68,"[((255, 255, 255), 197078), ((13, 87, 158), 20086), ((115, 157, 198), 12399), ((255, 163, 161), 11374), ((245, 0, 0), 4182), ((0, 0, 0), 1344), ((79, 79, 79), 486), ((254, 94, 90), 133), ((101, 0, 0), 26)]",247108,9.0,"(255, 255, 255)",79.75379186428606,"(13, 87, 158)",0.0812842967447431,"(115, 157, 198)",0.0501764410703012,"(255, 163, 161)",0.0460284571928063,"(245, 0, 0)",0.016923774220179
67,67,135,69,"[((0, 0, 0), 755142), ((60, 0, 0), 18898), ((121, 0, 0), 7486), ((255, 134, 0), 3185), ((197, 0, 0), 2778), ((103, 77, 83), 2461), ((254, 255, 223), 2376), ((255, 224, 115), 2143), ((170, 120, 83), 1639), ((250, 119, 104), 10), ((177, 125, 0), 8), ((66, 59, 0), 6), ((230, 181, 185), 3), ((152, 170, 116), 1)]",796136,14.0,"(0, 0, 0)",94.85087974918858,"(60, 0, 0)",0.0237371504366088,"(121, 0, 0)",0.009402916084689,"(255, 134, 0)",0.004000572766462,"(197, 0, 0)",0.0034893535777806
68,68,25,70,"[((242, 239, 232), 367186), ((102, 102, 102), 64996), ((255, 0, 123), 21440), ((100, 208, 121), 5296), ((194, 170, 215), 4280), ((145, 69, 108), 2639), ((0, 0, 0), 1201), ((48, 103, 182), 995), ((255, 192, 122), 878), ((203, 85, 0), 570), ((118, 63, 156), 518), ((104, 156, 113), 491), ((251, 119, 178), 382), ((21, 158, 196), 287), ((252, 255, 138), 268), ((189, 121, 104), 122), ((0, 100, 255), 49), ((228, 5, 54), 2)]",471600,18.0,"(242, 239, 232)",77.85962680237489,"(102, 102, 102)",0.1378201865988125,"(255, 0, 123)",0.045462256149279,"(100, 208, 121)",0.0112298558100084,"(194, 170, 215)",0.0090754877014419
69,69,24,71,"[((255, 255, 255), 153705), ((54, 165, 0), 7108), ((116, 200, 255), 6099), ((137, 0, 22), 5133), ((0, 63, 139), 4370), ((44, 67, 0), 3828), ((255, 215, 0), 3066), ((255, 27, 0), 2584), ((255, 222, 131), 1250), ((192, 100, 0), 675), ((0, 0, 0), 636), ((161, 211, 135), 268), ((200, 122, 143), 229), ((15, 0, 107), 214), ((65, 0, 60), 110), ((173, 221, 0), 96), ((108, 57, 0), 95), ((255, 155, 124), 90), ((115, 148, 129), 44), ((142, 148, 39), 1)]",189601,20.0,"(255, 255, 255)",81.06761040289871,"(54, 165, 0)",0.0374892537486616,"(116, 200, 255)",0.0321675518589037,"(137, 0, 22)",0.0270726420219302,"(0, 63, 139)",0.0230484016434512
70,70,35,72,"[((232, 225, 213), 4564521), ((92, 147, 180), 192455), ((0, 0, 0), 110267), ((219, 151, 120), 72914), ((184, 130, 160), 15814), ((128, 143, 62), 13883), ((87, 86, 88), 9300), ((253, 196, 0), 6556), ((209, 0, 25), 1699), ((3, 166, 159), 747), ((255, 225, 148), 144)]",4988300,11.0,"(232, 225, 213)",91.50454062506265,"(92, 147, 180)",0.0385812801956578,"(0, 0, 0)",0.0221051259948278,"(219, 151, 120)",0.0146170037888659,"(184, 130, 160)",0.0031702183108473
71,71,38,73,"[((255, 255, 255), 348695), ((248, 118, 109), 73148), ((0, 191, 196), 69135), ((255, 228, 171), 2647), ((110, 77, 142), 2502), ((0, 0, 0), 1718), ((102, 182, 255), 1016), ((58, 0, 102), 954), ((77, 77, 77), 887), ((200, 142, 77), 714), ((102, 0, 0), 693), ((102, 0, 58), 61), ((58, 58, 0), 19), ((171, 110, 110), 18), ((144, 182, 144), 15), ((0, 0, 53), 6), ((0, 102, 144), 4)]",502232,17.0,"(255, 255, 255)",69.42906863760174,"(248, 118, 109)",0.1456458369837047,"(0, 191, 196)",0.1376555058220105,"(255, 228, 171)",0.0052704726102677,"(110, 77, 142)",0.0049817614170343
72,72,11,74,"[((240, 240, 240), 2303146), ((119, 171, 67), 137751), ((60, 60, 60), 111514), ((255, 39, 0), 47354), ((0, 143, 213), 30716), ((139, 139, 139), 9519)]",2640000,6.0,"(240, 240, 240)",87.2403787878788,"(119, 171, 67)",0.052178409090909,"(60, 60, 60)",0.0422401515151515,"(255, 39, 0)",0.0179371212121212,"(0, 143, 213)",0.0116348484848484
73,73,14,75,"[((51, 51, 51), 38383403), ((249, 249, 249), 1693998), ((0, 172, 171), 1423431), ((139, 79, 174), 998859), ((240, 208, 0), 835662), ((157, 236, 175), 707431), ((175, 137, 7), 255445), ((212, 174, 216), 83221), ((91, 90, 41), 39891), ((138, 138, 138), 19335), ((255, 254, 163), 8145), ((184, 168, 114), 66), ((110, 80, 120), 2)]",44448889,13.0,"(51, 51, 51)",86.35402113200175,"(249, 249, 249)",0.0381111437903431,"(0, 172, 171)",0.0320239950204379,"(139, 79, 174)",0.0224720802357962,"(240, 208, 0)",0.0188005149015085
74,74,5,76,"[((255, 255, 255), 257696), ((255, 204, 0), 14158), ((0, 187, 69), 10308), ((65, 65, 65), 4437), ((0, 173, 236), 4301), ((234, 215, 139), 1785), ((197, 159, 142), 935), ((126, 72, 168), 704), ((143, 228, 180), 694), ((188, 119, 60), 486), ((114, 116, 158), 258), ((91, 7, 23), 120), ((29, 0, 63), 83), ((255, 0, 0), 49), ((178, 201, 0), 27), ((249, 110, 97), 27), ((42, 207, 218), 2)]",296070,17.0,"(255, 255, 255)",87.03887594150032,"(255, 204, 0)",0.0478197723511331,"(0, 187, 69)",0.0348160907893403,"(65, 65, 65)",0.0149863208025129,"(0, 173, 236)",0.0145269699733171
75,75,2,77,"[((255, 241, 229), 2400209), ((251, 251, 123), 67427), ((139, 182, 204), 55065), ((0, 0, 0), 23850), ((203, 139, 139), 23433), ((0, 51, 102), 7414), ((102, 96, 92), 5585), ((236, 168, 102), 4081), ((143, 51, 51), 3151), ((128, 128, 0), 1411), ((0, 0, 81), 1097), ((255, 0, 0), 942), ((164, 84, 0), 568), ((157, 176, 115), 445), ((0, 129, 196), 338), ((242, 85, 85), 153), ((63, 59, 4), 56), ((130, 64, 113), 11), ((24, 119, 90), 8), ((255, 128, 0), 6)]",2595250,20.0,"(255, 241, 229)",92.48469318948078,"(251, 251, 123)",0.0259809266929968,"(139, 182, 204)",0.0212176090935362,"(0, 0, 0)",0.0091898661015316,"(203, 139, 139)",0.0090291879395048
76,76,149,78,"[((255, 255, 255), 7698732), ((0, 0, 0), 201883), ((89, 89, 89), 119184), ((244, 117, 12), 84593), ((112, 173, 71), 76063), ((255, 0, 0), 72878), ((44, 83, 150), 18957), ((255, 213, 2), 13509), ((255, 118, 118), 12802), ((255, 181, 181), 11718), ((55, 179, 233), 5539), ((68, 1, 1), 4854), ((181, 212, 160), 2200), ((248, 167, 100), 1624), ((145, 9, 17), 795), ((68, 57, 1), 354), ((255, 235, 126), 100), ((154, 91, 65), 28), ((156, 147, 14), 27), ((22, 84, 51), 20), ((30, 208, 73), 17), ((3, 35, 138), 12), ((0, 142, 255), 5), ((94, 159, 154), 3), ((168, 97, 131), 2), ((206, 237, 59), 1)]",8325900,26.0,"(255, 255, 255)",92.46726480020178,"(0, 0, 0)",0.0242475888492535,"(89, 89, 89)",0.0143148488451698,"(244, 117, 12)",0.0101602229188436,"(112, 173, 71)",0.0091357090524748
77,77,156,79,"[((0, 0, 0), 858407), ((101, 200, 105), 121332), ((83, 83, 83), 86051), ((131, 68, 122), 85634), ((254, 254, 254), 63771), ((0, 51, 0), 9771), ((188, 213, 0), 2653), ((164, 164, 164), 1992), ((0, 108, 10), 1223), ((87, 133, 90), 928), ((47, 3, 43), 903), ((181, 227, 176), 495), ((149, 89, 214), 475), ((121, 139, 0), 91), ((54, 2, 98), 34)]",1233760,15.0,"(0, 0, 0)",69.57649786019971,"(101, 200, 105)",0.0983432758397095,"(83, 83, 83)",0.0697469524056542,"(131, 68, 122)",0.0694089612242251,"(254, 254, 254)",0.0516883348463234
78,78,125,80,"[((102, 102, 102), 973065), ((244, 209, 102), 567516), ((183, 29, 62), 135311), ((255, 244, 211), 124083), ((243, 124, 75), 69441), ((0, 0, 0), 20785), ((120, 56, 12), 11169), ((168, 156, 108), 5574), ((0, 147, 218), 1258), ((243, 138, 152), 415), ((73, 152, 135), 285), ((75, 11, 25), 250), ((4, 66, 108), 201), ((62, 87, 37), 77), ((155, 181, 206), 9), ((0, 0, 59), 1)]",1909440,16.0,"(102, 102, 102)",50.960752890899954,"(244, 209, 102)",0.2972159376571141,"(183, 29, 62)",0.0708642324451147,"(255, 244, 211)",0.0649839743589743,"(243, 124, 75)",0.0363672071392659
79,79,114,81,"[((255, 255, 255), 159200)]",159200,1.0,"(255, 255, 255)",100.0,0,0.0,0,0.0,0,0.0,0,0.0
80,80,127,82,"[((16, 0, 152), 52972412), ((153, 0, 172), 1459245), ((211, 0, 147), 127631), ((253, 0, 115), 59457), ((255, 61, 70), 12480), ((255, 132, 60), 2760), ((255, 193, 38), 271), ((244, 255, 26), 16)]",54634272,8.0,"(16, 0, 152)",96.95820967468916,"(153, 0, 172)",0.0267093336578183,"(211, 0, 147)",0.0023360977519751,"(253, 0, 115)",0.0010882729434008,"(255, 61, 70)",0.000228428046044
81,81,144,83,"[((254, 241, 229), 3132323), ((47, 72, 96), 626428), ((217, 119, 108), 172948), ((0, 0, 0), 62950), ((137, 130, 124), 5220), ((106, 58, 53), 131)]",4000000,6.0,"(254, 241, 229)",78.308075,"(47, 72, 96)",0.156607,"(217, 119, 108)",0.043237,"(0, 0, 0)",0.0157375,"(137, 130, 124)",0.001305
82,82,164,84,"[((255, 255, 255), 791737), ((0, 0, 0), 10474), ((127, 127, 127), 7902), ((158, 1, 66), 1838), ((248, 142, 83), 1780), ((137, 207, 165), 1133), ((94, 79, 162), 625), ((226, 221, 96), 377), ((199, 110, 147), 95), ((251, 192, 159), 39)]",816000,10.0,"(255, 255, 255)",97.0265931372549,"(0, 0, 0)",0.0128357843137254,"(127, 127, 127)",0.0096838235294117,"(158, 1, 66)",0.0022524509803921,"(248, 142, 83)",0.0021813725490196
83,83,169,85,"[((255, 255, 255), 11674339), ((35, 137, 215), 4829497), ((152, 187, 224), 10235), ((0, 0, 0), 195), ((86, 80, 81), 174)]",16514440,5.0,"(255, 255, 255)",70.69170374532833,"(35, 137, 215)",0.2924408578189754,"(152, 187, 224)",0.0006197606458347,"(0, 0, 0)",1.1807848161972188e-05,"(86, 80, 81)",1.0536233744529033e-05
84,84,158,86,"[((0, 0, 0), 966369), ((21, 19, 100), 92765), ((53, 136, 242), 37425), ((119, 119, 119), 32639), ((255, 233, 0), 28277), ((144, 133, 0), 24168), ((255, 255, 255), 22693), ((27, 52, 188), 15012), ((41, 94, 28), 7912), ((164, 192, 244), 3734), ((74, 59, 0), 2513), ((39, 81, 138), 1836), ((96, 197, 0), 1565), ((233, 227, 124), 1388), ((153, 164, 112), 104)]",1238400,15.0,"(0, 0, 0)",78.03367248062015,"(21, 19, 100)",0.074907138242894,"(53, 136, 242)",0.0302204457364341,"(119, 119, 119)",0.0263557816537467,"(255, 233, 0)",0.0228334948320413
85,85,147,87,"[((255, 255, 255), 157580), ((255, 139, 0), 40273), ((70, 118, 171), 26439), ((51, 51, 51), 9576), ((255, 202, 149), 3388), ((136, 136, 136), 2801), ((99, 54, 0), 35)]",240092,7.0,"(255, 255, 255)",65.63317394998583,"(255, 139, 0)",0.1677398663845526,"(70, 118, 171)",0.1101202872232311,"(51, 51, 51)",0.0398847108608366,"(255, 202, 149)",0.0141112573513486
86,86,0,88,"[((255, 255, 255), 237715), ((208, 168, 188), 16047), ((119, 0, 72), 6724), ((251, 215, 81), 371), ((13, 13, 13), 127), ((171, 91, 68), 27), ((88, 88, 88), 18), ((253, 236, 168), 3)]",261032,8.0,"(255, 255, 255)",91.06737871218854,"(208, 168, 188)",0.0614752214287903,"(119, 0, 72)",0.0257592938796775,"(251, 215, 81)",0.0014212816819393,"(13, 13, 13)",0.0004865303870789
87,87,7,89,"[((255, 255, 255), 282816), ((45, 127, 170), 23125), ((51, 51, 51), 7358), ((134, 134, 134), 1281)]",314580,4.0,"(255, 255, 255)",89.90272744611863,"(45, 127, 170)",0.0735107126962934,"(51, 51, 51)",0.0233899167143492,"(134, 134, 134)",0.0040720961281708,0,0.0
88,88,163,90,"[((255, 255, 255), 2935432), ((0, 0, 0), 139189), ((137, 141, 144), 122109), ((255, 168, 0), 110240), ((0, 163, 104), 64618), ((156, 105, 38), 57895), ((190, 0, 57), 56960), ((36, 80, 164), 38853), ((255, 69, 0), 36685), ((180, 74, 192), 28909), ((73, 58, 193), 18700), ((255, 153, 170), 17089), ((126, 237, 86), 14760), ((81, 233, 244), 13908), ((255, 248, 184), 12791), ((148, 179, 255), 8750), ((222, 16, 127), 7527), ((0, 111, 100), 609), ((93, 0, 1), 598), ((170, 95, 148), 359), ((255, 227, 41), 186), ((255, 120, 88), 154), ((255, 186, 117), 50), ((80, 59, 32), 28), ((162, 240, 154), 1)]",3686400,25.0,"(255, 255, 255)",79.62868923611111,"(0, 0, 0)",0.0377574327256944,"(137, 141, 144)",0.0331241861979166,"(255, 168, 0)",0.0299045138888888,"(0, 163, 104)",0.0175287543402777
89,89,170,91,"[((0, 0, 0), 6960), ((255, 255, 255), 551), ((161, 161, 161), 271), ((77, 77, 77), 18)]",7800,4.0,"(0, 0, 0)",89.23076923076924,"(255, 255, 255)",0.0706410256410256,"(161, 161, 161)",0.0347435897435897,"(77, 77, 77)",0.0023076923076923,0,0.0
90,90,157,92,"[((255, 255, 255), 28056023), ((254, 127, 28), 493659), ((228, 32, 0), 358105), ((140, 160, 166), 280165), ((94, 0, 0), 258406), ((51, 51, 51), 85057), ((0, 198, 182), 22096), ((235, 113, 102), 8794), ((255, 190, 165), 8171), ((181, 126, 48), 755), ((97, 134, 79), 407), ((143, 85, 86), 250)]",29571888,12.0,"(255, 255, 255)",94.87396611268107,"(254, 127, 28)",0.0166935232542474,"(228, 32, 0)",0.0121096427796561,"(140, 160, 166)",0.0094740315532102,"(94, 0, 0)",0.0087382313905693
91,91,148,93,"[((255, 255, 255), 216956)]",216956,1.0,"(255, 255, 255)",100.0,0,0.0,0,0.0,0,0.0,0,0.0
92,92,126,94,"[((255, 255, 255), 4061107), ((255, 164, 166), 2229392), ((0, 0, 0), 152618), ((85, 85, 85), 85558), ((255, 0, 0), 21726), ((153, 210, 255), 7490), ((184, 113, 51), 5839), ((51, 51, 153), 2928), ((255, 214, 163), 2022), ((51, 113, 184), 1950), ((153, 51, 51), 1052), ((27, 27, 76), 33), ((113, 113, 51), 8), ((79, 153, 153), 5)]",6571728,14.0,"(255, 255, 255)",61.79663857055557,"(255, 164, 166)",0.3392398468104584,"(0, 0, 0)",0.023223420080685,"(85, 85, 85)",0.0130191024339412,"(255, 0, 0)",0.0033059797970944
93,93,113,95,"[((255, 255, 255), 191931), ((209, 179, 232), 109381), ((225, 225, 156), 29713), ((237, 158, 159), 11143), ((127, 127, 127), 6615), ((153, 85, 204), 3789), ((0, 0, 0), 1665), ((227, 119, 194), 1386), ((188, 189, 34), 585), ((23, 190, 207), 462), ((214, 39, 40), 387), ((255, 127, 14), 234), ((44, 160, 44), 162), ((31, 119, 180), 135)]",357588,14.0,"(255, 255, 255)",53.6737809993624,"(209, 179, 232)",0.3058855442576372,"(225, 225, 156)",0.0830928330928331,"(237, 158, 159)",0.0311615602313276,"(127, 127, 127)",0.0184989429175475
94,94,128,96,"[((255, 255, 255), 230041), ((137, 140, 162), 85653), ((234, 223, 139), 13276), ((254, 47, 78), 5059), ((67, 67, 67), 5008), ((201, 85, 89), 1454), ((255, 210, 0), 1185), ((25, 92, 161), 826), ((111, 100, 0), 803), ((91, 156, 30), 492), ((66, 0, 0), 326), ((255, 137, 49), 139), ((255, 177, 187), 131), ((130, 146, 104), 61), ((0, 20, 55), 22), ((123, 70, 121), 19), ((0, 175, 233), 18), ((26, 52, 0), 7)]",344520,18.0,"(255, 255, 255)",66.7714501335191,"(137, 140, 162)",0.2486154649947753,"(234, 223, 139)",0.0385347730175316,"(254, 47, 78)",0.0146841983048879,"(67, 67, 67)",0.0145361662603041
95,95,142,97,"[((246, 246, 246), 4862185), ((45, 45, 46), 201936), ((222, 73, 17), 84934), ((82, 145, 204), 40099), ((247, 168, 3), 37414), ((150, 150, 149), 35281), ((229, 155, 96), 3943)]",5265792,7.0,"(246, 246, 246)",92.33530302754076,"(45, 45, 46)",0.0383486472690148,"(222, 73, 17)",0.0161293875641119,"(82, 145, 204)",0.0076149988453778,"(247, 168, 3)",0.0071051040375312
96,96,41,98,"[((255, 255, 255), 3790664), ((144, 144, 144), 18936), ((0, 0, 0), 14988), ((255, 255, 186), 9776), ((129, 30, 159), 8750), ((255, 172, 0), 5650), ((45, 69, 141), 5538), ((255, 202, 255), 4332), ((200, 8, 68), 3457), ((72, 234, 255), 2882), ((255, 195, 167), 2583), ((255, 59, 0), 2514), ((44, 156, 118), 2234), ((63, 0, 0), 1465), ((99, 78, 49), 1242), ((185, 91, 117), 1200), ((255, 142, 79), 1097), ((244, 225, 94), 1097), ((83, 152, 207), 1041), ((152, 221, 132), 731), ((66, 139, 252), 140), ((127, 245, 73), 105), ((95, 119, 33), 100), ((255, 109, 197), 95), ((43, 63, 212), 55), ((201, 135, 255), 38), ((165, 120, 35), 36), ((61, 72, 92), 36), ((0, 44, 8), 28), ((22, 0, 48), 28), ((44, 254, 207), 19), ((136, 40, 15), 19), ((234, 46, 221), 15), ((150, 29, 248), 3), ((7, 155, 33), 2), ((116, 40, 105), 2), ((2, 2, 102), 1)]",3880899,37.0,"(255, 255, 255)",97.67489439946776,"(144, 144, 144)",0.0048792818365023,"(0, 0, 0)",0.0038619917704634,"(255, 255, 186)",0.0025190039730485,"(129, 30, 159)",0.0022546322385612
97,97,33,99,"[((250, 250, 250), 1053724), ((116, 107, 108), 56501), ((0, 230, 0), 10911), ((255, 46, 147), 10235), ((19, 199, 154), 9943), ((255, 53, 29), 9847), ((0, 150, 255), 8756), ((251, 175, 175), 2809), ((111, 231, 108), 924), ((143, 68, 169), 768), ((233, 78, 94), 686), ((161, 209, 255), 501), ((190, 246, 183), 500), ((242, 146, 86), 158), ((255, 139, 197), 109), ((246, 210, 88), 17), ((14, 180, 196), 8), ((203, 169, 245), 2), ((155, 64, 108), 1)]",1166400,19.0,"(250, 250, 250)",90.33984910836764,"(116, 107, 108)",0.048440500685871,"(0, 230, 0)",0.0093544238683127,"(255, 46, 147)",0.0087748628257887,"(19, 199, 154)",0.0085245198902606
98,98,50,100,"[((104, 104, 104), 3293401), ((240, 200, 56), 574616), ((135, 112, 40), 177405), ((255, 255, 255), 126805), ((195, 183, 147), 1622)]",4173849,5.0,"(104, 104, 104)",78.90560966628165,"(240, 200, 56)",0.1376705290488467,"(135, 112, 40)",0.0425039334197284,"(255, 255, 255)",0.0303808307392049,"(195, 183, 147)",0.0003886101294033
99,99,45,101,"[((255, 243, 218), 317920), ((147, 196, 125), 12791), ((255, 217, 102), 11228), ((194, 123, 160), 10354), ((117, 117, 117), 6757), ((164, 194, 244), 5300), ((42, 40, 36), 925)]",365275,7.0,"(255, 243, 218)",87.03579494901102,"(147, 196, 125)",0.0350174526042023,"(255, 217, 102)",0.0307384847033057,"(194, 123, 160)",0.0283457668879611,"(117, 117, 117)",0.0184983916227499
100,100,53,102,"[((255, 255, 255), 498625), ((68, 114, 196), 26244), ((255, 0, 0), 19470), ((89, 89, 89), 4823), ((176, 43, 43), 132), ((0, 0, 0), 53)]",549347,6.0,"(255, 255, 255)",90.766855921667,"(68, 114, 196)",0.0477730833152816,"(255, 0, 0)",0.0354420794142864,"(89, 89, 89)",0.0087795145873191,"(176, 43, 43)",0.0002402852841646
101,101,58,103,"[((247, 247, 247), 3029915), ((102, 102, 102), 41212), ((0, 0, 0), 22152), ((198, 157, 208), 6999), ((0, 0, 255), 5671), ((255, 0, 0), 4261), ((204, 0, 51), 2088), ((128, 128, 250), 786), ((250, 128, 128), 703), ((101, 50, 201), 172), ((136, 0, 118), 31), ((89, 0, 0), 10)]",3114000,12.0,"(247, 247, 247)",97.29977520873476,"(102, 102, 102)",0.0132344251766217,"(0, 0, 0)",0.0071136801541425,"(198, 157, 208)",0.0022475915221579,"(0, 0, 255)",0.0018211303789338
102,102,66,104,"[((255, 255, 255), 301887), ((157, 157, 157), 16757), ((128, 165, 103), 4576), ((76, 76, 76), 1439), ((134, 60, 74), 1425), ((255, 246, 172), 1215), ((132, 99, 52), 125), ((232, 153, 167), 62), ((224, 213, 73), 38), ((177, 199, 255), 10), ((141, 117, 182), 3), ((110, 180, 55), 1)]",327538,12.0,"(255, 255, 255)",92.16854227601073,"(157, 157, 157)",0.0511604760363683,"(128, 165, 103)",0.0139708980332053,"(76, 76, 76)",0.0043933833631517,"(134, 60, 74)",0.0043506402310571
103,103,73,105,"[((255, 255, 255), 482701), ((255, 176, 0), 25188), ((0, 71, 106), 14104), ((255, 76, 122), 11670), ((161, 161, 161), 8623), ((0, 0, 0), 5202), ((254, 211, 114), 4453), ((142, 81, 164), 3740), ((116, 76, 25), 1912), ((255, 163, 182), 855), ((253, 243, 0), 727), ((134, 129, 0), 240), ((255, 107, 60), 96), ((82, 74, 67), 75), ((167, 201, 46), 21), ((47, 67, 0), 4), ((201, 194, 249), 3)]",559614,17.0,"(255, 255, 255)",86.25606221431201,"(255, 176, 0)",0.045009595900031,"(0, 71, 106)",0.0252030864131347,"(255, 76, 122)",0.0208536598441068,"(161, 161, 161)",0.0154088353758126
104,104,64,106,"[((255, 255, 255), 1368839), ((234, 135, 131), 120424), ((118, 183, 178), 116346), ((51, 51, 51), 22565), ((78, 121, 167), 4558), ((129, 0, 17), 2822), ((188, 162, 176), 48), ((133, 82, 65), 1)]",1635603,8.0,"(255, 255, 255)",83.69017420486512,"(234, 135, 131)",0.07362666857422,"(118, 183, 178)",0.0711333985080731,"(51, 51, 51)",0.0137961351256998,"(78, 121, 167)",0.0027867398140013
105,105,59,107,"[((81, 72, 72), 756723), ((126, 255, 201), 39719), ((232, 222, 222), 10945), ((103, 163, 136), 2613)]",810000,4.0,"(81, 72, 72)",93.4225925925926,"(126, 255, 201)",0.0490358024691358,"(232, 222, 222)",0.0135123456790123,"(103, 163, 136)",0.0032259259259259,0,0.0
106,106,75,108,"[((99, 99, 99), 280807), ((202, 203, 200), 113532), ((6, 6, 6), 26687), ((175, 154, 91), 25841), ((227, 118, 63), 24418), ((0, 183, 164), 8033), ((115, 61, 38), 6090), ((113, 140, 188), 4730), ((201, 117, 123), 2666), ((100, 58, 120), 1640), ((189, 156, 0), 1012), ((222, 0, 62), 268), ((0, 96, 71), 254), ((140, 197, 124), 201), ((182, 62, 131), 110), ((55, 65, 3), 23), ((208, 145, 205), 11), ((38, 95, 198), 9), ((133, 0, 0), 3), ((90, 206, 241), 2), ((1, 5, 52), 2), ((73, 5, 36), 1)]",496340,22.0,"(99, 99, 99)",56.575532900834105,"(202, 203, 200)",0.2287383648305597,"(6, 6, 6)",0.0537675786759076,"(175, 154, 91)",0.0520631019059515,"(227, 118, 63)",0.0491961155659427
107,107,84,109,"[((255, 255, 221), 448181), ((116, 173, 209), 274830), ((203, 24, 29), 209708), ((0, 0, 0), 2094), ((224, 115, 105), 1792), ((163, 163, 142), 1678), ((83, 83, 83), 596), ((117, 38, 46), 1)]",938880,8.0,"(255, 255, 221)",47.735706373551466,"(116, 173, 209)",0.2927211145194274,"(203, 24, 29)",0.2233597477845944,"(0, 0, 0)",0.0022303169734151,"(224, 115, 105)",0.001908657123381
108,108,65,110,"[((0, 0, 0), 679393), ((255, 255, 255), 15318), ((93, 93, 93), 15180), ((73, 38, 0), 9571), ((236, 187, 114), 6804), ((253, 255, 120), 3864), ((255, 151, 0), 2440), ((163, 0, 0), 2367), ((166, 97, 91), 1616), ((157, 93, 0), 662), ((134, 122, 63), 256), ((255, 209, 0), 7), ((155, 176, 154), 1), ((22, 17, 63), 1)]",737480,14.0,"(0, 0, 0)",92.12358301242068,"(255, 255, 255)",0.0207707327656343,"(93, 93, 93)",0.020583609047025,"(73, 38, 0)",0.012977979063839,"(236, 187, 114)",0.0092260129088246
109,109,74,111,"[((255, 255, 255), 31990220), ((253, 227, 166), 4382725), ((183, 57, 120), 1768699), ((0, 0, 0), 792908), ((230, 93, 100), 531645), ((78, 24, 110), 472780), ((123, 123, 123), 70577), ((252, 164, 118), 43292), ((132, 101, 159), 26143), ((240, 166, 192), 10611)]",40089600,10.0,"(255, 255, 255)",79.79680515644955,"(253, 227, 166)",0.1093232409402937,"(183, 57, 120)",0.0441186492257343,"(0, 0, 0)",0.0197783963920817,"(230, 93, 100)",0.013261419420498
110,110,63,112,"[((248, 249, 250), 336026), ((179, 133, 125), 3858), ((36, 36, 36), 2276), ((245, 148, 212), 1172), ((83, 157, 206), 830), ((255, 162, 56), 582), ((71, 194, 99), 542), ((203, 212, 79), 525), ((239, 90, 94), 511), ((20, 211, 224), 378), ((107, 150, 115), 127), ((139, 104, 160), 4), ((130, 136, 45), 1)]",346832,13.0,"(248, 249, 250)",96.88437053097752,"(179, 133, 125)",0.0111235410804078,"(36, 36, 36)",0.0065622549245744,"(245, 148, 212)",0.0033791576325137,"(83, 157, 206)",0.002393089449647
111,111,60,113,"[((255, 255, 255), 1308906), ((0, 0, 0), 41737), ((163, 163, 163), 15928), ((200, 0, 0), 6655), ((0, 62, 173), 6545), ((157, 42, 255), 6155), ((226, 107, 87), 1764), ((76, 76, 76), 1207), ((255, 192, 255), 842), ((69, 96, 151), 523), ((190, 111, 255), 342), ((127, 23, 24), 75), ((255, 179, 182), 55), ((166, 203, 255), 46), ((194, 234, 171), 10), ((162, 105, 186), 9), ((107, 150, 252), 1)]",1390800,17.0,"(255, 255, 255)",94.11173425366697,"(0, 0, 0)",0.0300093471383376,"(163, 163, 163)",0.0114524014955421,"(200, 0, 0)",0.0047850158182341,"(0, 62, 173)",0.0047059246476847
112,112,51,114,"[((244, 253, 255), 747177), ((116, 95, 255), 68902), ((157, 157, 157), 6482), ((0, 0, 0), 5343), ((173, 172, 255), 3776), ((0, 227, 159), 163), ((76, 76, 76), 155), ((255, 72, 25), 109), ((255, 165, 147), 46), ((144, 255, 231), 5)]",832158,10.0,"(244, 253, 255)",89.787876821469,"(116, 95, 255)",0.0827991799634204,"(157, 157, 157)",0.0077893861502262,"(0, 0, 0)",0.0064206556927891,"(173, 172, 255)",0.0045375998308013
113,113,44,115,"[((220, 220, 220), 789813), ((169, 104, 151), 59192), ((45, 46, 45), 45993), ((231, 171, 142), 13020), ((69, 70, 130), 4708), ((148, 91, 30), 1648), ((116, 162, 215), 1428), ((220, 220, 102), 428), ((53, 77, 212), 368), ((129, 129, 129), 326), ((0, 0, 84), 244), ((80, 11, 5), 240), ((203, 66, 55), 188), ((109, 217, 218), 168)]",917764,14.0,"(220, 220, 220)",86.05839845537633,"(169, 104, 151)",0.0644958834733112,"(45, 46, 45)",0.0501141905762265,"(231, 171, 142)",0.0141866536495221,"(69, 70, 130)",0.0051298590923156
114,114,54,116,"[((255, 255, 255), 2473674), ((66, 78, 92), 1957686), ((39, 100, 167), 45396), ((0, 0, 0), 25030), ((192, 108, 82), 15807), ((155, 155, 155), 15323), ((215, 85, 25), 6990), ((255, 187, 180), 5751), ((105, 21, 0), 744), ((158, 180, 237), 137), ((17, 135, 139), 118), ((0, 24, 67), 16), ((255, 84, 109), 10), ((255, 255, 191), 4), ((255, 17, 1), 2), ((132, 226, 234), 1), ((33, 93, 213), 1), ((108, 47, 104), 1)]",4546691,18.0,"(255, 255, 255)",54.40602847213501,"(66, 78, 92)",0.4305737953161981,"(39, 100, 167)",0.0099844040424123,"(0, 0, 0)",0.0055051025020174,"(192, 108, 82)",0.0034765942968193
115,115,57,117,"[((255, 255, 255), 1043809), ((0, 0, 0), 708273), ((190, 174, 212), 34402), ((180, 155, 87), 20560), ((93, 93, 93), 19789), ((127, 201, 127), 8010), ((3, 121, 168), 74), ((76, 120, 76), 3)]",1834920,8.0,"(255, 255, 255)",56.88580428574542,"(0, 0, 0)",0.3859966647047282,"(190, 174, 212)",0.0187485012970592,"(180, 155, 87)",0.0112048481677675,"(93, 93, 93)",0.0107846663614762
116,116,110,118,"[((82, 86, 110), 497198), ((84, 77, 48), 169305), ((245, 245, 243), 144320), ((213, 222, 136), 121139), ((141, 122, 42), 15348), ((208, 219, 43), 8338), ((0, 0, 0), 1534), ((0, 128, 205), 1148), ((170, 157, 133), 439), ((110, 169, 198), 241), ((207, 159, 0), 30)]",959040,11.0,"(82, 86, 110)",51.8433016349683,"(84, 77, 48)",0.1765359109109109,"(245, 245, 243)",0.1504838171504838,"(213, 222, 136)",0.1263127711044377,"(141, 122, 42)",0.0160035035035035
117,117,103,119,"[((127, 127, 127), 2488142), ((255, 162, 127), 465115), ((153, 78, 51), 196692), ((255, 234, 154), 168119), ((222, 127, 156), 146867), ((127, 209, 179), 112335), ((154, 199, 244), 93365), ((153, 136, 72), 85887), ((128, 78, 143), 77162), ((89, 51, 62), 60671), ((0, 0, 0), 28931), ((255, 255, 255), 18110), ((36, 106, 81), 15980), ((255, 184, 72), 15582), ((169, 243, 142), 10955), ((229, 78, 73), 9374), ((64, 109, 160), 4464), ((155, 146, 255), 743), ((255, 123, 36), 643), ((91, 152, 70), 476), ((240, 67, 146), 194), ((148, 26, 66), 86), ((174, 186, 57), 68), ((129, 30, 159), 35), ((67, 60, 21), 4)]",4000000,25.0,"(127, 127, 127)",62.20354999999999,"(255, 162, 127)",0.11627875,"(153, 78, 51)",0.049173,"(255, 234, 154)",0.04202975,"(222, 127, 156)",0.03671675
118,118,77,120,"[((6, 7, 28), 951993), ((255, 255, 255), 188335), ((80, 29, 76), 43207), ((158, 26, 91), 9572), ((217, 40, 71), 6434), ((244, 134, 94), 2985), ((127, 127, 127), 1850), ((247, 194, 162), 100)]",1204476,8.0,"(6, 7, 28)",79.03793848943441,"(255, 255, 255)",0.1563626008322291,"(80, 29, 76)",0.0358720306589753,"(158, 26, 91)",0.0079470242661539,"(217, 40, 71)",0.0053417419691218
119,119,82,121,"[((0, 0, 0), 1530660), ((212, 212, 212), 246509), ((94, 94, 94), 129658), ((168, 130, 82), 64655), ((119, 5, 31), 34793), ((38, 109, 162), 15665), ((68, 168, 173), 15363), ((166, 119, 181), 12356), ((68, 131, 43), 5320), ((0, 72, 41), 4647), ((13, 34, 82), 4500), ((197, 181, 75), 3665), ((197, 90, 59), 3541), ((162, 211, 137), 806), ((91, 19, 112), 594), ((197, 108, 126), 584), ((71, 57, 9), 260), ((171, 33, 113), 24)]",2073600,18.0,"(0, 0, 0)",73.81655092592592,"(212, 212, 212)",0.1188797260802469,"(94, 94, 94)",0.0625279706790123,"(168, 130, 82)",0.0311800733024691,"(119, 5, 31)",0.0167790316358024
120,120,92,122,"[((15, 21, 43), 247049), ((255, 255, 255), 205061), ((90, 94, 104), 117794), ((87, 0, 0), 23482), ((147, 132, 0), 15193), ((255, 246, 181), 14230), ((237, 191, 0), 13725), ((96, 64, 0), 12342), ((178, 167, 142), 11476), ((0, 126, 219), 9745), ((247, 150, 67), 7282), ((255, 57, 0), 5226), ((0, 147, 190), 2873), ((231, 0, 61), 2260), ((250, 151, 134), 2136), ((0, 184, 157), 1931), ((0, 101, 51), 1617), ((35, 28, 0), 1222), ((161, 59, 0), 1019), ((16, 0, 116), 821), ((179, 80, 106), 707), ((191, 204, 255), 402), ((46, 58, 255), 335), ((65, 52, 117), 218), ((22, 88, 222), 79), ((133, 189, 114), 46), ((202, 218, 89), 13), ((75, 230, 255), 5), ((229, 156, 204), 3)]",698292,29.0,"(15, 21, 43)",35.37903914121886,"(255, 255, 255)",0.2936608181104753,"(90, 94, 104)",0.1686887433910169,"(87, 0, 0)",0.0336277660348392,"(147, 132, 0)",0.0217573737061286
121,121,85,123,"[((255, 255, 255), 463264), ((0, 0, 0), 4961), ((98, 98, 98), 2802), ((0, 120, 255), 1863), ((255, 80, 92), 1814), ((208, 149, 141), 676), ((166, 209, 255), 524), ((64, 146, 228), 185), ((208, 86, 123), 14), ((232, 253, 188), 8), ((172, 107, 175), 1)]",476112,11.0,"(255, 255, 255)",97.30147528312666,"(0, 0, 0)",0.0104198171858722,"(98, 98, 98)",0.0058851698759955,"(0, 120, 255)",0.0039129448533118,"(255, 80, 92)",0.0038100278925967
122,122,111,124,"[((199, 199, 199), 292692), ((86, 52, 34), 61412), ((6, 6, 6), 38510), ((228, 115, 68), 29307), ((112, 115, 117), 28119), ((217, 200, 134), 21247), ((0, 183, 163), 15778), ((203, 183, 0), 10318), ((206, 151, 209), 6353), ((0, 105, 162), 3596), ((197, 132, 125), 2241), ((0, 52, 0), 1277), ((146, 101, 0), 948), ((0, 113, 9), 712), ((157, 53, 139), 707), ((125, 27, 0), 522), ((235, 93, 139), 469), ((40, 6, 50), 318), ((87, 129, 83), 142), ((37, 64, 161), 51), ((139, 202, 109), 49), ((99, 199, 232), 49), ((245, 145, 0), 12), ((214, 6, 41), 7), ((129, 32, 65), 4)]",514840,25.0,"(199, 199, 199)",56.85106052365784,"(86, 52, 34)",0.1192836609432056,"(6, 6, 6)",0.0747999378447673,"(228, 115, 68)",0.0569244813922772,"(112, 115, 117)",0.0546169683785253
123,123,102,125,"[((255, 165, 127), 454340), ((255, 0, 0), 200643), ((138, 113, 77), 171249), ((0, 0, 0), 95397), ((255, 255, 255), 80703), ((86, 0, 0), 64051), ((158, 0, 0), 26395), ((254, 255, 190), 18984), ((150, 255, 164), 15576), ((255, 0, 80), 15239), ((0, 40, 0), 12603), ((0, 196, 255), 10565), ((84, 167, 112), 9414), ((173, 255, 224), 2740), ((0, 80, 107), 2586), ((255, 116, 148), 1638), ((0, 153, 160), 58), ((130, 96, 130), 36), ((255, 188, 212), 12), ((70, 98, 0), 10), ((0, 148, 35), 1)]",1182240,21.0,"(255, 165, 127)",38.43043713628367,"(255, 0, 0)",0.1697142712139667,"(138, 113, 77)",0.144851299228583,"(0, 0, 0)",0.0806917377182298,"(255, 255, 255)",0.0682627892813641
124,124,93,126,"[((20, 12, 44), 668664), ((255, 255, 255), 42056), ((255, 239, 5), 21464), ((232, 57, 73), 21027), ((81, 74, 56), 14689), ((0, 154, 220), 14281), ((159, 147, 65), 8872), ((147, 149, 152), 4599), ((134, 38, 62), 3480), ((245, 149, 156), 537), ((28, 80, 121), 49), ((247, 176, 58), 10), ((134, 195, 151), 4), ((249, 244, 173), 3), ((201, 114, 66), 2)]",799737,15.0,"(20, 12, 44)",83.61048694758402,"(255, 255, 255)",0.0525872880709533,"(255, 239, 5)",0.0268388232631477,"(232, 57, 73)",0.026292393624404,"(81, 74, 56)",0.0183672882460108
125,125,100,127,"[((246, 249, 251), 567955), ((37, 169, 203), 47325), ((39, 50, 68), 5069), ((130, 135, 141), 628)]",620977,4.0,"(246, 249, 251)",91.46151950877407,"(37, 169, 203)",0.0762105520816391,"(39, 50, 68)",0.0081629432330021,"(130, 135, 141)",0.0010113095976179,0,0.0
126,126,52,128,"[((255, 255, 255), 478046), ((0, 155, 62), 96162), ((72, 100, 114), 66215), ((181, 138, 196), 30537), ((170, 212, 171), 11281), ((139, 0, 148), 9879), ((0, 84, 22), 1841), ((6, 6, 6), 872), ((90, 42, 88), 477)]",695310,9.0,"(255, 255, 255)",68.75293034761474,"(0, 155, 62)",0.1383009017560512,"(72, 100, 114)",0.0952309042010038,"(181, 138, 196)",0.0439185399318289,"(170, 212, 171)",0.0162244178855474
127,127,43,129,"[((0, 0, 0), 811627), ((28, 25, 150), 153600), ((54, 117, 205), 82379), ((255, 233, 0), 41825), ((12, 12, 61), 31755), ((255, 255, 255), 27857), ((98, 99, 24), 15882), ((82, 82, 82), 7314), ((161, 193, 242), 7083), ((53, 97, 255), 26), ((156, 167, 158), 7), ((177, 161, 0), 4), ((44, 19, 218), 1)]",1179360,13.0,"(0, 0, 0)",68.81927486094153,"(28, 25, 150)",0.1302401302401302,"(54, 117, 205)",0.0698505969339302,"(255, 233, 0)",0.0354641500474833,"(12, 12, 61)",0.0269256206756206
128,128,112,130,"[((228, 208, 10), 1206122), ((235, 235, 235), 337495), ((0, 0, 0), 26936), ((77, 77, 77), 16667), ((101, 181, 253), 5992), ((218, 143, 57), 4865), ((253, 254, 181), 3728), ((0, 0, 57), 3618), ((101, 0, 0), 2751), ((77, 77, 141), 936), ((170, 141, 110), 225), ((57, 57, 0), 161), ((101, 181, 181), 13), ((101, 0, 57), 9), ((181, 143, 181), 3)]",4904400,15.0,"(228, 208, 10)",24.59265149661528,"(235, 235, 235)",0.0688147377864774,"(0, 0, 0)",0.0054922110757686,"(77, 77, 77)",0.0033983769676209,"(101, 181, 253)",0.001221760052198
129,129,101,131,"[((255, 255, 255), 195858), ((68, 114, 197), 25755), ((149, 164, 191), 1595), ((229, 177, 120), 558), ((89, 89, 89), 480), ((134, 65, 100), 32), ((203, 255, 203), 2)]",224280,7.0,"(255, 255, 255)",87.3274478330658,"(68, 114, 197)",0.1148341359015516,"(149, 164, 191)",0.0071116461565899,"(229, 177, 120)",0.0024879614767255,"(89, 89, 89)",0.0021401819154628
130,130,94,132,"[((0, 0, 0), 571148), ((97, 80, 0), 105973), ((93, 97, 93), 66956), ((110, 23, 0), 31335), ((8, 23, 68), 7428), ((0, 53, 27), 3684), ((87, 32, 48), 1045), ((0, 114, 218), 841), ((255, 183, 0), 594), ((194, 197, 205), 90), ((175, 103, 0), 79), ((198, 149, 117), 18), ((207, 177, 80), 1)]",789192,13.0,"(0, 0, 0)",72.37123539012053,"(97, 80, 0)",0.1342803779055033,"(93, 97, 93)",0.0848412046751614,"(110, 23, 0)",0.0397051668035155,"(8, 23, 68)",0.0094121582580664
131,131,99,133,"[((0, 0, 0), 882373), ((255, 255, 255), 32673), ((109, 109, 109), 19294), ((240, 223, 86), 3400), ((88, 174, 215), 1838), ((210, 46, 47), 1304), ((220, 150, 72), 1071), ((84, 18, 20), 594), ((106, 74, 23), 567), ((219, 167, 169), 178), ((47, 56, 95), 165), ((189, 91, 94), 35)]",943492,12.0,"(0, 0, 0)",93.52204364212945,"(255, 255, 255)",0.0346298643761685,"(109, 109, 109)",0.0204495639602667,"(240, 223, 86)",0.0036036341590601,"(88, 174, 215)",0.0019480822306919
132,132,76,134,"[((254, 241, 229), 2204912), ((34, 38, 46), 923112), ((152, 175, 215), 511494), ((63, 117, 203), 250848), ((131, 203, 171), 60034), ((255, 137, 117), 32715), ((127, 121, 115), 8914), ((255, 187, 81), 5789), ((189, 25, 0), 1721), ((128, 31, 31), 218), ((163, 125, 66), 199), ((9, 104, 131), 44)]",4000000,12.0,"(254, 241, 229)",55.122800000000005,"(34, 38, 46)",0.230778,"(152, 175, 215)",0.1278735,"(63, 117, 203)",0.062712,"(131, 203, 171)",0.0150085
133,133,83,135,"[((247, 247, 247), 15027285), ((164, 153, 195), 2257234), ((83, 74, 151), 2228963), ((225, 118, 183), 107490), ((0, 0, 0), 52932), ((85, 85, 85), 13251)]",19687155,6.0,"(247, 247, 247)",76.33040426613191,"(164, 153, 195)",0.1146551647508235,"(83, 74, 151)",0.1132191522848273,"(225, 118, 183)",0.0054599052021483,"(0, 0, 0)",0.0026886566393163
134,134,91,136,"[((255, 255, 255), 452089), ((255, 69, 0), 200179), ((0, 0, 0), 33751), ((255, 191, 167), 10704), ((152, 152, 152), 6574), ((152, 41, 0), 6290), ((255, 214, 53), 4398), ((126, 237, 86), 2229), ((255, 128, 81), 2179), ((36, 80, 164), 2059), ((0, 151, 96), 1669), ((77, 20, 0), 988), ((174, 115, 0), 853), ((182, 244, 160), 304), ((81, 233, 244), 288), ((129, 30, 159), 271), ((168, 181, 57), 265), ((187, 134, 203), 214), ((0, 72, 46), 173), ((199, 72, 142), 149), ((139, 191, 242), 79), ((76, 31, 81), 68), ((122, 117, 54), 62), ((193, 15, 68), 32), ((177, 97, 90), 23), ((106, 92, 254), 7), ((23, 102, 139), 5), ((255, 233, 151), 1)]",725903,28.0,"(255, 255, 255)",62.27953321587045,"(255, 69, 0)",0.2757654948388421,"(0, 0, 0)",0.0464951928838977,"(255, 191, 167)",0.0147457718179977,"(152, 152, 152)",0.0090563064211058
135,135,86,137,"[((255, 255, 255), 496766), ((148, 151, 154), 196494), ((0, 0, 0), 86553), ((163, 120, 55), 56934), ((51, 90, 171), 46837), ((249, 217, 88), 34983), ((236, 104, 44), 31162), ((193, 48, 69), 16024), ((68, 152, 117), 16007), ((74, 78, 105), 9844), ((82, 19, 27), 7210), ((121, 221, 244), 6621), ((136, 60, 167), 4760), ((151, 220, 107), 2536), ((79, 67, 38), 1745), ((246, 197, 160), 1246), ((239, 143, 168), 1124), ((163, 187, 250), 847), ((64, 11, 80), 324), ((197, 239, 187), 6), ((103, 133, 47), 6), ((153, 61, 114), 3)]",1018032,22.0,"(255, 255, 255)",48.79669794269728,"(148, 151, 154)",0.1930135791409307,"(0, 0, 0)",0.0850199207883445,"(163, 120, 55)",0.0559255504738554,"(51, 90, 171)",0.0460073946594999
136,136,67,138,"[((255, 255, 255), 1055009), ((117, 251, 76), 84148), ((234, 51, 35), 79110), ((255, 255, 84), 56712), ((127, 127, 127), 32023), ((0, 0, 0), 14776), ((27, 69, 15), 9369), ((234, 51, 247), 9177), ((128, 128, 38), 4393), ((119, 26, 18), 4293), ((70, 157, 44), 2814), ((119, 26, 125), 1240), ((84, 13, 54), 149), ((212, 110, 102), 73), ((222, 222, 135), 36), ((68, 46, 10), 14), ((145, 101, 150), 4), ((210, 100, 219), 4)]",1353344,18.0,"(255, 255, 255)",77.95571561997541,"(117, 251, 76)",0.0621778350515463,"(234, 51, 35)",0.0584552042939563,"(255, 255, 84)",0.0419050884328005,"(127, 127, 127)",0.0236621287713988
137,137,72,139,"[((0, 0, 0), 6960), ((255, 255, 255), 551), ((161, 161, 161), 271), ((77, 77, 77), 18)]",7800,4.0,"(0, 0, 0)",89.23076923076924,"(255, 255, 255)",0.0706410256410256,"(161, 161, 161)",0.0347435897435897,"(77, 77, 77)",0.0023076923076923,0,0.0
138,138,130,140,"[((255, 255, 255), 2187810), ((56, 102, 209), 164350), ((68, 153, 120), 154787), ((153, 150, 147), 128521), ((0, 0, 0), 80537), ((54, 74, 55), 19365), ((80, 107, 31), 12334), ((162, 37, 49), 4858), ((248, 226, 76), 4756), ((122, 148, 206), 2559), ((207, 124, 137), 229), ((183, 194, 135), 164), ((44, 72, 105), 8), ((106, 53, 61), 2)]",2760280,14.0,"(255, 255, 255)",79.26043734693582,"(56, 102, 209)",0.0595410610517773,"(68, 153, 120)",0.0560765574506934,"(153, 150, 147)",0.0465608561450287,"(0, 0, 0)",0.0291771124668511
139,139,141,141,"[((0, 0, 0), 2088998), ((103, 103, 103), 1279), ((127, 230, 242), 441), ((102, 90, 37), 270), ((55, 99, 157), 201), ((118, 39, 152), 172), ((47, 15, 59), 122), ((255, 255, 255), 120), ((78, 28, 13), 117), ((202, 176, 74), 67), ((187, 84, 61), 63), ((49, 112, 76), 45), ((106, 163, 75), 25), ((200, 130, 141), 23), ((194, 52, 125), 11), ((189, 122, 202), 3), ((189, 227, 177), 2), ((102, 91, 241), 1)]",2091960,18.0,"(0, 0, 0)",99.8584102946519,"(103, 103, 103)",0.0006113883630662,"(127, 230, 242)",0.0002108070900017,"(102, 90, 37)",0.0001290655653071,"(55, 99, 157)",9.608214306200885e-05
140,140,123,142,"[((255, 255, 255), 1313446), ((0, 0, 0), 350038), ((255, 212, 75), 21306), ((253, 67, 24), 17952), ((128, 38, 156), 14832), ((162, 162, 162), 11020), ((189, 0, 58), 10882), ((109, 71, 49), 9462), ((102, 182, 255), 7292), ((219, 144, 58), 5713), ((0, 58, 144), 4097), ((81, 233, 244), 4062), ((144, 58, 0), 2544), ((255, 255, 182), 1259), ((19, 162, 107), 858), ((129, 235, 100), 847), ((58, 102, 144), 303), ((254, 153, 170), 55), ((3, 72, 68), 23), ((102, 58, 102), 9)]",1776000,20.0,"(255, 255, 255)",73.95529279279279,"(0, 0, 0)",0.1970934684684684,"(255, 212, 75)",0.0119966216216216,"(253, 67, 24)",0.0101081081081081,"(128, 38, 156)",0.0083513513513513
141,141,116,143,"[((255, 255, 255), 3978684), ((146, 208, 80), 978309), ((255, 0, 0), 285793), ((0, 0, 0), 101942), ((58, 144, 219), 8537), ((219, 144, 58), 8256), ((0, 0, 58), 6213), ((255, 219, 144), 3567), ((144, 58, 0), 3549), ((144, 219, 255), 2112), ((102, 58, 58), 409), ((58, 58, 0), 265), ((58, 102, 102), 136), ((182, 144, 144), 63), ((144, 219, 182), 19), ((144, 144, 58), 18)]",5377872,16.0,"(255, 255, 255)",73.98249716616534,"(146, 208, 80)",0.1819137755602959,"(255, 0, 0)",0.0531423953563788,"(0, 0, 0)",0.0189558249062082,"(58, 144, 219)",0.0015874308648476
142,142,160,144,"[((255, 255, 255), 1048057), ((63, 116, 214), 1027300), ((102, 102, 102), 13623), ((18, 18, 18), 2980)]",2091960,4.0,"(255, 255, 255)",50.09928488116408,"(63, 116, 214)",0.4910705749631924,"(102, 102, 102)",0.0065120748006654,"(18, 18, 18)",0.0014245014245014,0,0.0
143,143,145,145,"[((72, 62, 46), 1584667), ((245, 245, 245), 26263), ((255, 244, 0), 12810), ((0, 229, 253), 4817), ((225, 53, 14), 3961), ((125, 121, 33), 3900), ((255, 250, 145), 3434), ((72, 98, 145), 1994), ((5, 43, 120), 1983), ((149, 143, 132), 1786), ((255, 154, 46), 625), ((164, 44, 72), 560), ((170, 98, 46), 543), ((42, 138, 6), 224), ((185, 177, 18), 132), ((118, 187, 255), 120), ((234, 187, 139), 83), ((25, 144, 163), 21), ((223, 148, 176), 6)]",1647929,19.0,"(72, 62, 46)",96.16112101917012,"(245, 245, 245)",0.0159369730127936,"(255, 244, 0)",0.0077733931498262,"(0, 229, 253)",0.002923062826129,"(225, 53, 14)",0.0024036229716207
144,144,162,146,"[((254, 254, 254), 749937), ((163, 141, 200), 538719), ((154, 238, 190), 529958), ((244, 188, 142), 521354), ((0, 0, 0), 6622), ((94, 146, 116), 4376), ((85, 73, 104), 2490), ((144, 111, 84), 2480)]",2355936,8.0,"(254, 254, 254)",31.831806976080845,"(163, 141, 200)",0.2286645307852165,"(154, 238, 190)",0.224945838936202,"(244, 188, 142)",0.2212937872675658,"(0, 0, 0)",0.0028107724488271
145,145,171,147,"[((255, 255, 255), 2621342), ((238, 151, 121), 1209885), ((220, 75, 57), 311539), ((0, 0, 0), 158285), ((99, 99, 99), 47689), ((82, 20, 17), 3412)]",4352152,6.0,"(255, 255, 255)",60.23093862530536,"(238, 151, 121)",0.2779969541504984,"(220, 75, 57)",0.071582748029021,"(0, 0, 0)",0.0363693639376565,"(99, 99, 99)",0.0109575676584825
146,146,18,148,"[((0, 181, 14), 557385), ((0, 181, 124), 470330), ((0, 13, 192), 416620), ((0, 119, 179), 275956), ((0, 61, 27), 247013), ((0, 2, 90), 235335), ((0, 120, 243), 226151), ((0, 182, 208), 221760), ((0, 0, 0), 177683), ((162, 50, 187), 153258), ((243, 79, 132), 123917), ((0, 28, 70), 122650), ((162, 85, 57), 112808), ((235, 246, 139), 109561), ((83, 22, 42), 85171), ((243, 190, 151), 62515), ((173, 92, 130), 53904), ((255, 191, 29), 48576), ((0, 120, 10), 47812), ((250, 2, 54), 47304), ((166, 195, 144), 28231), ((166, 174, 188), 26456), ((157, 155, 35), 22748), ((252, 254, 60), 21128), ((0, 84, 96), 20124), ((248, 120, 35), 15580), ((247, 135, 229), 15243), ((7, 255, 37), 13860), ((1, 241, 228), 12590), ((254, 1, 248), 9878), ((40, 253, 146), 7717), ((72, 53, 3), 4284), ((255, 34, 187), 2915), ((253, 192, 237), 1437), ((161, 159, 243), 931), ((166, 249, 18), 739), ((113, 16, 103), 357), ((160, 8, 254), 49), ((156, 6, 2), 11), ((254, 255, 241), 9), ((115, 95, 92), 4)]",4000000,41.0,"(0, 181, 14)",13.934625,"(0, 181, 124)",0.1175825,"(0, 13, 192)",0.104155,"(0, 119, 179)",0.068989,"(0, 61, 27)",0.06175325
147,147,8,149,"[((160, 160, 160), 619266), ((64, 159, 65), 340215), ((255, 255, 255), 169737), ((117, 150, 217), 93613), ((0, 0, 0), 9613), ((0, 0, 119), 7438), ((33, 70, 36), 2350), ((186, 250, 190), 1922), ((69, 114, 255), 1750), ((0, 0, 57), 1460), ((147, 0, 255), 754), ((179, 15, 104), 438), ((237, 86, 0), 267), ((237, 167, 0), 253), ((47, 67, 154), 182), ((67, 147, 122), 160), ((255, 252, 0), 157), ((173, 98, 69), 100), ((173, 168, 100), 93), ((56, 82, 115), 93), ((235, 203, 255), 27), ((188, 129, 237), 14), ((144, 80, 115), 8), ((243, 245, 118), 8), ((126, 35, 130), 2), ((124, 214, 241), 2), ((254, 181, 174), 1), ((29, 199, 40), 1)]",1249924,28.0,"(160, 160, 160)",49.54429229297141,"(64, 159, 65)",0.2721885490637831,"(255, 255, 255)",0.1357978565096758,"(117, 150, 217)",0.0748949536131796,"(0, 0, 0)",0.0076908676047503
148,148,159,150,"[((114, 92, 137), 4405523), ((255, 255, 255), 1638576), ((102, 45, 145), 206900), ((196, 175, 213), 251)]",6251250,4.0,"(114, 92, 137)",70.47427314537093,"(255, 255, 255)",0.2621197360527894,"(102, 45, 145)",0.0330973805238952,"(196, 175, 213)",4.015196960607879e-05,0,0.0
149,149,146,151,"[((255, 255, 255), 1249655), ((165, 165, 165), 270655), ((234, 51, 35), 107152), ((245, 194, 66), 37482), ((222, 131, 68), 31882), ((79, 173, 234), 14354), ((44, 9, 6), 4775), ((132, 27, 18), 3877), ((109, 96, 64), 2137), ((23, 59, 62), 496), ((247, 202, 150), 349), ((45, 76, 132), 209), ((138, 144, 46), 112), ((212, 135, 132), 97)]",1723232,14.0,"(255, 255, 255)",72.51809390726264,"(165, 165, 165)",0.1570624268815806,"(234, 51, 35)",0.0621808322965218,"(245, 194, 66)",0.0217509888395758,"(222, 131, 68)",0.0185012813132532
150,150,161,152,"[((254, 254, 254), 3604720), ((164, 164, 164), 322457), ((0, 0, 0), 61293), ((82, 82, 82), 11530)]",4000000,4.0,"(254, 254, 254)",90.118,"(164, 164, 164)",0.08061425,"(0, 0, 0)",0.01532325,"(82, 82, 82)",0.0028825,0,0.0
151,151,172,153,"[((255, 255, 255), 2177423), ((63, 116, 214), 194448), ((102, 102, 102), 15196), ((18, 18, 18), 3036), ((146, 176, 232), 9)]",2390112,5.0,"(255, 255, 255)",91.10129567149993,"(63, 116, 214)",0.0813551833554243,"(102, 102, 102)",0.00635786105421,"(18, 18, 18)",0.0012702333614491,"(146, 176, 232)",3.7655139173394393e-06
152,152,131,154,"[((64, 64, 64), 1346481), ((255, 255, 255), 400208), ((205, 148, 164), 14083), ((155, 35, 58), 10116)]",1770888,4.0,"(64, 64, 64)",76.03422689633675,"(255, 255, 255)",0.2259928352329452,"(205, 148, 164)",0.0079525074425937,"(155, 35, 58)",0.0057123883610934,0,0.0
153,153,140,155,"[((0, 0, 0), 6960), ((255, 255, 255), 551), ((161, 161, 161), 271), ((77, 77, 77), 18)]",7800,4.0,"(0, 0, 0)",89.23076923076924,"(255, 255, 255)",0.0706410256410256,"(161, 161, 161)",0.0347435897435897,"(77, 77, 77)",0.0023076923076923,0,0.0
154,154,124,156,"[((0, 0, 0), 3996034), ((255, 255, 255), 3966)]",4000000,2.0,"(0, 0, 0)",99.90085,"(255, 255, 255)",0.0009915,0,0.0,0,0.0,0,0.0
155,155,115,157,"[((39, 42, 108), 1877792), ((255, 255, 255), 286492), ((217, 67, 97), 173412), ((125, 54, 103), 10816), ((72, 86, 95), 7391), ((164, 164, 164), 26), ((234, 149, 166), 4), ((9, 9, 9), 3)]",2355936,8.0,"(39, 42, 108)",79.70471184276653,"(255, 255, 255)",0.1216043220189343,"(217, 67, 97)",0.0736064137565706,"(125, 54, 103)",0.0045909566304008,"(72, 86, 95)",0.003137181994757
156,156,21,158,"[((0, 0, 0), 2346453), ((72, 86, 95), 8377), ((255, 255, 255), 1050), ((163, 163, 163), 56)]",2355936,4.0,"(0, 0, 0)",99.59748482131944,"(72, 86, 95)",0.0035556993059234,"(255, 255, 255)",0.0004456827350148,"(163, 163, 163)",2.3769745867459896e-05,0,0.0
157,157,28,159,"[((255, 255, 255), 17195710), ((254, 177, 37), 2125116), ((255, 105, 26), 481569), ((91, 91, 91), 307936), ((0, 0, 0), 192314), ((255, 206, 157), 7248), ((254, 142, 104), 107)]",20310000,7.0,"(255, 255, 255)",84.66622353520434,"(254, 177, 37)",0.1046339734121122,"(255, 105, 26)",0.0237109305760709,"(91, 91, 91)",0.0151617922205809,"(0, 0, 0)",0.0094689315608074
158,158,17,160,"[((255, 255, 255), 3148261), ((164, 164, 164), 175850), ((102, 17, 167), 30377), ((165, 53, 153), 24920), ((197, 92, 128), 24200), ((222, 132, 105), 22853), ((245, 242, 88), 14017), ((242, 183, 85), 4274), ((96, 90, 162), 4218), ((221, 181, 239), 1846), ((250, 251, 181), 531), ((97, 81, 99), 510), ((16, 10, 101), 3)]",3451860,13.0,"(255, 255, 255)",91.20477076127074,"(164, 164, 164)",0.0509435492748836,"(102, 17, 167)",0.0088001830896965,"(165, 53, 153)",0.0072192962634637,"(197, 92, 128)",0.0070107130648404
159,159,9,161,"[((0, 0, 0), 62249056), ((62, 52, 13), 663376), ((137, 141, 144), 196064), ((255, 255, 255), 137744), ((64, 0, 19), 122240), ((255, 214, 53), 78960), ((27, 78, 82), 73568), ((55, 12, 68), 71664), ((156, 105, 38), 57840), ((190, 0, 57), 55712), ((0, 204, 120), 47792), ((81, 233, 244), 45392), ((255, 248, 184), 34240), ((54, 144, 234), 34240), ((255, 69, 0), 26736), ((126, 237, 86), 23104), ((62, 116, 42), 20816), ((255, 153, 170), 14784), ((180, 74, 192), 11968), ((222, 16, 127), 10832), ((228, 171, 255), 8528), ((73, 58, 193), 8512), ((117, 31, 0), 5888), ((133, 99, 149), 944)]",64000000,24.0,"(0, 0, 0)",97.26415,"(62, 52, 13)",0.01036525,"(137, 141, 144)",0.0030635,"(255, 255, 255)",0.00215225,"(64, 0, 19)",0.00191
160,160,1,162,"[((246, 246, 246), 606004), ((60, 64, 100), 5792), ((146, 150, 177), 3985), ((230, 147, 30), 2810), ((1, 34, 135), 2628), ((117, 216, 98), 1599), ((235, 146, 232), 1552), ((237, 0, 23), 1470), ((179, 233, 168), 1001), ((224, 46, 219), 924), ((244, 101, 114), 666), ((237, 210, 76), 466), ((240, 199, 144), 350), ((18, 132, 254), 333), ((97, 89, 255), 332), ((244, 168, 175), 44), ((232, 57, 144), 25), ((175, 73, 14), 15), ((99, 0, 15), 4)]",630000,19.0,"(246, 246, 246)",96.19111111111113,"(60, 64, 100)",0.0091936507936507,"(146, 150, 177)",0.0063253968253968,"(230, 147, 30)",0.0044603174603174,"(1, 34, 135)",0.0041714285714285
161,161,6,163,"[((247, 247, 247), 1308670), ((198, 206, 108), 255508), ((131, 135, 137), 64270), ((106, 188, 121), 37280), ((24, 25, 27), 15992), ((124, 112, 56), 3503), ((30, 69, 38), 9)]",1685232,7.0,"(247, 247, 247)",77.65518338127926,"(198, 206, 108)",0.1516159199445536,"(131, 135, 137)",0.0381371822989356,"(106, 188, 121)",0.0221215832597529,"(24, 25, 27)",0.009489494621512
162,162,19,164,"[((255, 255, 255), 816761), ((173, 157, 145), 87688), ((218, 181, 231), 76246), ((206, 217, 150), 70956), ((0, 0, 0), 39821), ((0, 74, 173), 34987), ((196, 122, 221), 16223), ((76, 76, 76), 10008), ((171, 191, 58), 9772), ((87, 105, 158), 3863), ((180, 115, 72), 65), ((104, 167, 191), 10)]",1166400,12.0,"(255, 255, 255)",70.02409122085048,"(173, 157, 145)",0.0751783264746227,"(218, 181, 231)",0.0653686556927297,"(206, 217, 150)",0.0608333333333333,"(0, 0, 0)",0.0341400891632373
163,163,30,165,"[((254, 241, 229), 3026485), ((47, 72, 96), 588084), ((208, 123, 117), 253916), ((0, 0, 0), 48324), ((63, 117, 203), 43983), ((202, 61, 45), 30618), ((135, 129, 122), 7976), ((151, 174, 215), 614)]",4000000,8.0,"(254, 241, 229)",75.662125,"(47, 72, 96)",0.147021,"(208, 123, 117)",0.063479,"(0, 0, 0)",0.012081,"(63, 117, 203)",0.01099575
164,164,40,166,"[((25, 25, 25), 30667835), ((96, 96, 23), 436764), ((206, 137, 12), 397717), ((220, 220, 9), 338760), ((174, 17, 17), 329945), ((255, 255, 255), 303198), ((188, 15, 145), 284145), ((66, 199, 9), 229772), ((255, 0, 0), 220565), ((102, 19, 139), 92753), ((100, 23, 23), 90360), ((101, 23, 78), 88292), ((42, 118, 21), 64880), ((143, 143, 143), 26166), ((0, 150, 204), 15568), ((151, 6, 206), 12133), ((0, 49, 252), 7220), ((154, 154, 19), 3607), ((0, 44, 0), 2134), ((0, 0, 48), 2131), ((135, 121, 179), 1638), ((205, 119, 149), 687), ((119, 182, 145), 500), ((255, 0, 107), 479), ((0, 80, 214), 369), ((247, 157, 114), 229), ((0, 83, 103), 211), ((213, 195, 136), 30), ((101, 205, 106), 15), ((0, 63, 143), 3), ((208, 127, 229), 2), ((138, 70, 0), 2), ((255, 114, 0), 2)]",33618112,33.0,"(25, 25, 25)",91.2241442945993,"(96, 96, 23)",0.012991925305026,"(206, 137, 12)",0.011830438306589,"(220, 220, 9)",0.0100767110300542,"(174, 17, 17)",0.0098145011831717
165,165,32,167,"[((91, 27, 21), 1727566), ((35, 45, 70), 1620207), ((27, 141, 223), 122439), ((214, 17, 17), 106820), ((40, 40, 135), 86774), ((255, 255, 255), 62718), ((161, 152, 159), 15425), ((73, 205, 255), 7245), ((255, 216, 0), 4120), ((95, 77, 26), 623), ((191, 82, 82), 225), ((178, 95, 20), 198), ((180, 148, 17), 139), ((255, 234, 126), 1)]",3754500,14.0,"(91, 27, 21)",46.01321081369024,"(35, 45, 70)",0.4315373551737914,"(27, 141, 223)",0.0326112664802237,"(214, 17, 17)",0.0284511919030496,"(40, 40, 135)",0.0231119989346118
166,166,129,168,"[((255, 255, 255), 280944), ((0, 42, 84), 208903), ((158, 121, 155), 164856), ((103, 96, 0), 96816), ((98, 19, 113), 30285), ((79, 79, 79), 14684), ((0, 0, 0), 13115), ((255, 237, 0), 12045), ((243, 179, 176), 10448), ((230, 27, 27), 8978), ((255, 170, 0), 5702), ((201, 88, 92), 3560), ((94, 165, 216), 3274), ((154, 139, 103), 486), ((175, 101, 40), 279), ((174, 162, 0), 184), ((51, 137, 138), 128), ((105, 39, 73), 56), ((26, 46, 3), 28), ((255, 249, 174), 5), ((103, 12, 12), 1), ((135, 232, 231), 1)]",854778,22.0,"(255, 255, 255)",32.86748138113054,"(0, 42, 84)",0.2443944509568566,"(158, 121, 155)",0.1928641120852431,"(103, 96, 0)",0.1132644967465236,"(98, 19, 113)",0.0354302520654485
167,167,143,169,"[((254, 254, 254), 3863706), ((179, 166, 243), 387177), ((164, 164, 164), 31421), ((77, 77, 77), 8093), ((93, 64, 231), 1639), ((110, 92, 199), 64)]",4292100,6.0,"(254, 254, 254)",90.01901167260782,"(179, 166, 243)",0.0902068917313203,"(164, 164, 164)",0.0073206588849281,"(77, 77, 77)",0.0018855571864588,"(93, 64, 231)",0.0003818643554437
168,168,20,170,"[((255, 255, 255), 87096)]",87096,1.0,"(255, 255, 255)",100.0,0,0.0,0,0.0,0,0.0,0,0.0
169,169,29,171,"[((255, 255, 255), 1304351), ((73, 138, 186), 169832), ((85, 85, 85), 13604), ((9, 32, 68), 9000), ((151, 165, 144), 2197), ((195, 60, 46), 976)]",1499960,6.0,"(255, 255, 255)",86.95905224139311,"(73, 138, 186)",0.1132243526494039,"(85, 85, 85)",0.0090695751886716,"(9, 32, 68)",0.0060001600042667,"(151, 165, 144)",0.001464705725486
170,170,42,172,"[((0, 0, 0), 150001), ((84, 74, 63), 148434), ((255, 189, 71), 104187), ((255, 255, 98), 90259), ((163, 129, 84), 55189), ((206, 205, 205), 47457), ((255, 255, 187), 3200), ((171, 170, 64), 14)]",598741,8.0,"(0, 0, 0)",25.05273565698691,"(84, 74, 63)",0.2479101982326247,"(255, 189, 71)",0.1740101312587579,"(255, 255, 98)",0.1507479861910241,"(163, 129, 84)",0.0921750807110253
171,171,31,173,"[((0, 0, 0), 3079415), ((255, 255, 255), 126156), ((205, 204, 93), 86770), ((176, 122, 161), 66092), ((109, 204, 218), 64959), ((102, 102, 102), 23018), ((101, 87, 35), 8006)]",3454416,7.0,"(0, 0, 0)",89.14430109170407,"(255, 255, 255)",0.0365202106521044,"(205, 204, 93)",0.0251185728644147,"(176, 122, 161)",0.0191326117062913,"(109, 204, 218)",0.0188046257312379
172,172,16,174,"[((255, 255, 255), 14814832), ((35, 139, 69), 2940301), ((204, 51, 51), 2550601), ((254, 178, 76), 1181561), ((0, 0, 0), 399538), ((127, 127, 127), 54658), ((102, 25, 25), 18869), ((17, 69, 34), 14836), ((127, 89, 38), 8175), ((208, 175, 129), 8), ((185, 110, 110), 1)]",21983380,11.0,"(255, 255, 255)",67.39105633437624,"(35, 139, 69)",0.1337510883221779,"(204, 51, 51)",0.1160240599944139,"(254, 178, 76)",0.0537479222940239,"(0, 0, 0)",0.0181745482268877
